MUNICIPIO,SECCION,LISTA_NOMINAL,VOTOS_EMITIDOS,PARTICIPACION_PCN,1ER_LUGAR,1ERO_VOTOS,2DO_LUGAR,2DO_VOTOS,3ER_LUGAR,3RO_VOTOS,PAN,PRI,PRD,MC,PVEM,MORENA,PT,QI,PES,RSP,FXM,PAN_PRD_QI,PAN_PRD,PAN_QI,PRD_QI,PRI_PVEM,PVEM_PT,PT_QI,NULOS
AMEALCO DE BONFIL,1,"1,070",729,0.68,PRI,331,PAN_QI,241,MORENA,80,238,331,9,15,23,80,6,3,6,2,5,0,0,0,0,0,0,0,11
AMEALCO DE BONFIL,2,965,618,0.64,PRI,283,PAN_QI,190,MORENA,64,190,283,2,6,43,64,3,0,4,1,3,0,0,0,0,0,4,0,15
AMEALCO DE BONFIL,3,"1,571","1,067",0.68,PRI,491,PAN_QI,344,MORENA,139,338,491,2,15,19,139,5,2,3,5,22,0,0,4,0,0,1,0,21
AMEALCO DE BONFIL,4,"1,742",939,0.54,PRI,384,PAN_QI,315,MORENA,126,305,384,17,15,27,126,4,6,4,12,7,0,0,4,0,0,1,0,27
AMEALCO DE BONFIL,5,"1,636","1,015",0.62,PRI,432,PAN_QI,317,MORENA,115,314,432,18,13,35,115,5,2,5,19,23,0,0,1,0,0,0,0,32
AMEALCO DE BONFIL,6,977,483,0.49,PRI,186,PAN_QI,181,MC,48,179,186,1,48,8,35,2,1,0,0,5,0,0,1,0,0,0,0,17
AMEALCO DE BONFIL,7,804,450,0.56,PAN_QI,198,PRI,186,MORENA,23,197,186,2,6,9,23,2,1,7,2,3,0,0,0,0,0,0,0,12
AMEALCO DE BONFIL,8,"1,313",707,0.54,PRI,321,PAN_QI,281,MORENA,59,279,321,2,8,9,59,1,2,1,3,5,0,0,0,0,0,0,0,17
AMEALCO DE BONFIL,9,"1,957",906,0.46,PAN_QI,443,PRI,323,NULOS,42,439,323,2,33,11,38,1,3,0,4,8,0,0,1,0,0,1,0,42
AMEALCO DE BONFIL,10,"1,184",643,0.54,PRI,299,PAN_QI,219,MORENA,64,216,299,3,11,15,64,1,2,9,3,3,0,0,1,0,0,0,0,16
AMEALCO DE BONFIL,11,"1,575",949,0.6,PRI,382,PAN_QI,307,MORENA,139,307,382,9,20,26,139,5,0,12,3,18,0,0,0,0,0,3,0,25
AMEALCO DE BONFIL,12,881,566,0.64,PRI,238,MORENA,177,PAN_QI,105,103,238,4,5,8,177,1,0,4,2,1,0,0,2,0,0,0,0,21
AMEALCO DE BONFIL,13,"1,762","1,041",0.59,PRI,431,PAN_QI,360,MORENA,167,357,431,5,10,20,167,2,1,9,8,6,0,0,2,0,0,0,0,23
AMEALCO DE BONFIL,14,"2,548","1,544",0.61,PRI,696,PAN_QI,574,MORENA,146,568,696,8,24,16,146,5,2,5,8,10,0,0,4,0,0,0,0,52
AMEALCO DE BONFIL,15,"2,256","1,330",0.59,MORENA,555,PRI,331,PAN_QI,283,275,331,7,9,31,555,5,5,10,33,9,0,0,3,0,0,1,0,56
AMEALCO DE BONFIL,16,"1,122",709,0.63,PAN_QI,338,PRI,236,MORENA,93,336,236,2,3,14,93,2,2,1,4,2,0,0,0,0,0,0,0,14
AMEALCO DE BONFIL,17,"1,569",935,0.6,PRI,442,PAN_QI,280,MORENA,139,279,442,5,12,9,139,6,0,1,6,5,0,0,1,0,0,1,0,29
AMEALCO DE BONFIL,18,730,447,0.61,PRI,217,PAN_QI,133,MORENA,49,131,217,5,5,2,49,2,0,1,11,3,0,0,2,0,0,0,0,18
AMEALCO DE BONFIL,20,833,535,0.64,PAN_QI,239,PRI,149,MORENA,83,236,149,4,11,14,83,5,1,7,5,1,0,0,2,0,0,0,0,17
AMEALCO DE BONFIL,21,651,401,0.62,PRI,178,PAN_QI,97,MORENA,82,97,178,8,9,5,82,2,0,0,4,3,0,0,0,0,0,0,0,13
AMEALCO DE BONFIL,22,"2,100","1,235",0.59,MORENA,583,PAN_QI,271,PRI,246,266,246,8,21,20,583,12,3,12,7,20,0,0,2,0,0,1,0,32
AMEALCO DE BONFIL,23,"2,078","1,308",0.63,PRI,525,PAN_QI,443,MORENA,209,440,525,18,40,20,209,5,1,1,9,5,0,0,2,0,0,0,0,32
AMEALCO DE BONFIL,24,"2,300","1,608",0.7,PAN_QI,592,PRI,516,MORENA,387,585,516,2,14,11,387,5,1,3,22,3,0,0,6,0,0,0,0,53
AMEALCO DE BONFIL,25,"1,500",988,0.66,PRI,370,PAN_QI,362,MORENA,123,358,370,11,39,16,123,11,3,10,13,4,0,0,1,0,0,0,0,29
AMEALCO DE BONFIL,26,"1,475",947,0.64,PRI,371,PAN_QI,350,MORENA,153,350,371,8,10,4,153,3,0,6,2,8,0,0,0,0,0,0,0,32
AMEALCO DE BONFIL,27,"1,138",747,0.66,PAN_QI,361,PRI,186,MORENA,149,359,186,3,1,3,149,1,1,7,6,12,0,0,1,0,0,0,0,18
AMEALCO DE BONFIL,28,913,571,0.63,PRI,259,PAN_QI,192,MORENA,48,192,259,7,8,1,48,6,0,10,33,1,0,0,0,0,0,0,0,6
AMEALCO DE BONFIL,29,939,570,0.61,PAN_QI,257,PRI,153,MORENA,93,255,153,3,3,3,93,3,1,0,17,3,0,0,1,0,0,0,0,35
AMEALCO DE BONFIL,30,"1,289",905,0.7,PAN_QI,391,PRI,338,MORENA,91,390,338,5,5,9,91,2,1,3,15,14,0,0,0,0,0,1,0,31
AMEALCO DE BONFIL,31,822,466,0.57,PAN_QI,197,PRI,153,MORENA,78,191,153,5,1,2,78,2,4,0,4,4,0,0,2,0,0,0,0,20
AMEALCO DE BONFIL,32,"1,259",708,0.56,PAN_QI,277,PRI,202,MORENA,160,272,202,4,3,4,160,4,4,6,14,4,0,0,1,0,0,0,0,30
AMEALCO DE BONFIL,33,"2,306","1,348",0.58,PAN_QI,512,PRI,507,MORENA,189,508,507,16,11,9,189,9,4,8,13,5,0,0,0,0,0,0,0,69
AMEALCO DE BONFIL,34,676,499,0.74,PRI,345,PAN_QI,127,MORENA,12,127,345,1,2,1,12,1,0,1,1,0,0,0,0,0,0,0,0,8
ARROYO SECO,35,"1,807","1,262",0.7,PRI_PVEM,458,MORENA,436,PAN,259,259,395,0,0,14,436,0,0,0,0,8,0,0,0,0,49,0,0,32
ARROYO SECO,36,765,503,0.66,PAN,181,PRI_PVEM,159,MORENA,135,181,139,0,0,7,135,0,0,0,0,2,0,0,0,0,13,0,0,26
ARROYO SECO,37,281,183,0.65,MORENA,85,PAN,48,PRI_PVEM,42,48,41,0,0,0,85,0,0,0,0,0,0,0,0,0,1,0,0,6
ARROYO SECO,38,195,133,0.68,PRI_PVEM,48,PAN,42,MORENA,35,42,39,0,0,3,35,0,0,0,0,2,0,0,0,0,6,0,0,6
ARROYO SECO,39,"2,204","1,375",0.62,MORENA,540,PRI_PVEM,423,PAN,352,352,351,0,0,25,540,0,0,0,0,17,0,0,0,0,47,0,0,33
ARROYO SECO,40,261,191,0.73,MORENA,68,PRI_PVEM,64,PAN,45,45,57,0,0,6,68,0,0,0,0,4,0,0,0,0,1,0,0,10
ARROYO SECO,41,997,639,0.64,MORENA,225,PRI_PVEM,199,PAN,184,184,191,0,0,5,225,0,0,0,0,8,0,0,0,0,3,0,0,17
ARROYO SECO,42,"1,012",643,0.64,MORENA,289,PRI_PVEM,201,PAN,125,125,170,0,0,8,289,0,0,0,0,5,0,0,0,0,23,0,0,19
ARROYO SECO,43,941,620,0.66,PAN,282,PRI_PVEM,178,MORENA,136,282,143,0,0,6,136,0,0,0,0,4,0,0,0,0,29,0,0,20
ARROYO SECO,44,354,273,0.77,PAN,115,PRI_PVEM,105,MORENA,45,115,101,0,0,1,45,0,0,0,0,0,0,0,0,0,3,0,0,6
ARROYO SECO,45,"2,605","1,728",0.66,MORENA,735,PAN,543,PRI_PVEM,402,543,357,0,0,11,735,0,0,0,0,7,0,0,0,0,34,0,0,31
CADEREYTA DE MONTES,46,"3,277","1,773",0.54,PAN,596,MORENA,370,FXM,333,596,288,6,0,88,370,0,7,0,33,333,0,0,0,0,0,0,0,50
CADEREYTA DE MONTES,47,"2,234","1,251",0.56,PAN,468,FXM,294,MORENA,217,468,139,3,0,81,217,0,5,0,19,294,0,0,0,0,0,0,0,25
CADEREYTA DE MONTES,48,"2,168","1,705",0.79,PAN,752,PRI,284,FXM,264,752,284,3,0,91,232,0,4,0,34,264,0,0,0,0,0,0,0,40
CADEREYTA DE MONTES,49,"2,476","1,474",0.6,PAN,604,FXM,272,PRI,266,604,266,8,0,61,205,0,2,0,21,272,0,0,0,0,0,0,0,34
CADEREYTA DE MONTES,51,824,476,0.58,PAN,184,FXM,104,MORENA,88,184,45,0,0,33,88,0,1,0,10,104,0,0,0,0,0,0,0,11
CADEREYTA DE MONTES,52,"1,370",456,0.33,MORENA,198,PAN,112,PRI,45,112,45,3,0,22,198,0,3,0,7,45,0,0,0,0,0,0,0,21
CADEREYTA DE MONTES,53,"1,031",327,0.32,PAN,163,PRI,64,MORENA,43,163,64,2,0,17,43,0,0,0,1,16,0,0,0,0,0,0,0,21
CADEREYTA DE MONTES,54,898,480,0.53,PAN,184,PRI,153,PVEM,53,184,153,2,0,53,34,0,3,0,0,24,0,0,0,0,0,0,0,27
CADEREYTA DE MONTES,55,"1,220",767,0.63,PAN,305,PRI,205,MORENA,196,305,205,3,0,10,196,0,4,0,1,32,0,0,0,0,0,0,0,11
CADEREYTA DE MONTES,56,"1,095",545,0.5,PAN,250,PRI,98,MORENA,74,250,98,2,0,66,74,0,1,0,5,12,0,0,0,0,0,0,0,37
CADEREYTA DE MONTES,57,750,403,0.54,PAN,243,MORENA,69,PRI,23,243,23,5,0,17,69,0,1,0,3,21,0,0,0,0,0,0,0,21
CADEREYTA DE MONTES,58,"1,220",617,0.51,PAN,247,PRI,130,MORENA,85,247,130,7,0,48,85,0,0,0,5,61,0,0,0,0,0,0,0,34
CADEREYTA DE MONTES,59,930,414,0.45,PAN,186,MORENA,73,PRI,53,186,53,3,0,32,73,0,2,0,10,34,0,0,0,0,0,0,0,21
CADEREYTA DE MONTES,60,"1,726",794,0.46,MORENA,357,PAN,184,PRI,100,184,100,5,0,21,357,0,1,0,14,59,0,0,0,0,0,0,0,53
CADEREYTA DE MONTES,61,"2,232","1,210",0.54,PAN,452,PRI,319,PVEM,216,452,319,4,0,216,126,0,21,0,8,31,0,0,0,0,0,0,0,33
CADEREYTA DE MONTES,62,656,292,0.45,PAN,127,PVEM,69,MORENA,38,127,21,3,0,69,38,0,0,0,2,9,0,0,0,0,0,0,0,23
CADEREYTA DE MONTES,63,"1,241",483,0.39,PAN,187,MORENA,112,PRI,103,187,103,2,0,18,112,0,3,0,5,27,0,0,0,0,0,0,0,25
CADEREYTA DE MONTES,64,"1,004",501,0.5,PAN,199,PRI,105,MORENA,97,199,105,2,0,30,97,0,2,0,8,47,0,0,0,0,0,0,0,11
CADEREYTA DE MONTES,65,"2,169","1,189",0.55,PAN,447,PRI,274,MORENA,257,447,274,3,0,59,257,0,2,0,10,88,0,0,0,0,0,0,0,49
CADEREYTA DE MONTES,66,"3,666","1,912",0.52,PAN,684,PRI,417,MORENA,298,684,417,21,0,181,298,0,5,0,38,189,0,0,0,0,0,0,0,79
CADEREYTA DE MONTES,67,993,441,0.44,PAN,197,MORENA,94,PRI,56,197,56,6,0,17,94,0,1,0,3,48,0,0,0,0,0,0,0,19
CADEREYTA DE MONTES,68,928,492,0.53,PAN,266,PRI,147,NULOS,22,266,147,7,0,4,17,0,0,0,1,20,0,0,0,0,0,0,0,22
CADEREYTA DE MONTES,69,"2,238","1,346",0.6,PAN,506,MORENA,318,PRI,225,506,225,18,0,53,318,0,3,0,5,177,0,0,0,0,0,0,0,41
CADEREYTA DE MONTES,70,"3,021","1,291",0.43,FXM,305,PAN,268,MORENA,263,268,176,118,0,78,263,0,4,0,14,305,0,0,0,0,0,0,0,65
CADEREYTA DE MONTES,71,"2,250","1,184",0.53,PAN,381,PRI,353,MORENA,239,381,353,21,0,66,239,0,3,0,12,77,0,0,0,0,0,0,0,32
CADEREYTA DE MONTES,72,"2,201","1,119",0.51,PAN,406,FXM,218,MORENA,192,406,162,10,0,75,192,0,3,0,16,218,0,0,0,0,0,0,0,37
CADEREYTA DE MONTES,73,"2,389","1,264",0.53,PAN,566,PRI,294,MORENA,273,566,294,5,0,32,273,0,4,0,10,49,0,0,0,0,0,0,0,31
CADEREYTA DE MONTES,74,"1,019",594,0.58,PRI,242,PAN,219,MORENA,71,219,242,3,0,24,71,0,0,0,3,17,0,0,0,0,0,0,0,15
CADEREYTA DE MONTES,75,"2,147","1,092",0.51,PAN,450,PRI,298,MORENA,176,450,298,13,0,19,176,0,4,0,13,65,0,0,0,0,0,0,0,54
COLON,76,"1,685","1,083",0.64,PRI,393,PAN_QI,337,FXM,154,223,393,1,3,35,15,0,90,10,0,154,0,0,24,0,0,0,0,31
COLON,77,"1,896","1,245",0.66,PRI,412,PAN_QI,302,FXM,231,181,412,1,22,21,31,0,95,15,2,231,0,0,26,0,0,0,0,24
COLON,78,"1,409",930,0.66,PAN_QI,307,PRI,302,FXM,146,211,302,3,10,16,33,0,85,7,5,146,0,0,11,0,0,0,0,25
COLON,79,"3,868","1,898",0.49,PRI,715,PAN_QI,522,GTM,242,367,715,4,14,32,58,0,134,54,3,204,0,0,21,0,0,0,0,49
COLON,80,493,279,0.57,PRI,136,PAN_QI,80,GTM,23,65,136,1,4,3,10,0,11,2,1,3,0,0,4,0,0,0,0,16
COLON,81,"1,496",880,0.59,PRI,493,PAN_QI,288,GTM,44,207,493,2,1,6,9,0,58,5,0,3,0,0,23,0,0,0,0,29
COLON,82,"1,229",391,0.32,PRI,177,PAN_QI,153,NULOS,21,119,177,1,0,7,4,0,31,2,2,11,0,0,3,0,0,0,0,21
COLON,83,"3,436","2,283",0.66,PRI,"1,010",PAN_QI,845,FXM,144,714,"1,010",5,7,15,48,0,75,28,2,144,0,0,56,0,0,0,0,56
COLON,84,"1,554",870,0.56,PRI,344,PAN_QI,277,FXM,71,221,344,4,6,13,29,0,41,15,2,71,0,0,15,0,0,0,0,41
COLON,85,"1,122",660,0.59,PAN_QI,248,PRI,130,MORENA,96,137,130,1,9,15,96,0,97,12,5,23,0,0,14,0,0,0,0,30
COLON,86,"1,534",811,0.53,PRI,355,PAN_QI,238,GTM,80,184,355,0,1,11,44,0,36,15,6,38,0,0,18,0,0,0,0,23
COLON,87,"2,139","1,148",0.54,PRI,350,PAN_QI,265,GTM,220,193,350,13,6,13,59,0,61,30,6,158,0,0,11,0,0,0,0,28
COLON,88,"2,680","1,082",0.4,PAN_QI,346,PRI,225,GTM,222,228,225,21,7,16,40,0,103,29,2,155,0,0,15,0,0,0,0,19
COLON,90,"1,687","1,057",0.63,PRI,338,PAN_QI,308,GTM,240,207,338,3,6,16,36,0,91,17,16,38,0,0,10,0,0,0,0,39
COLON,91,"1,714","1,072",0.63,PRI,339,PAN_QI,325,GTM,261,199,339,6,4,13,35,0,111,15,1,35,0,0,15,0,0,0,0,38
COLON,92,"4,312","2,521",0.58,PAN_QI,773,PRI,619,GTM,567,477,619,10,9,31,231,0,231,30,26,160,0,0,65,0,0,0,0,65
COLON,94,"3,104","1,513",0.49,PAN_QI,637,GTM,328,PRI,323,464,323,7,6,21,43,0,107,21,19,47,0,0,66,0,0,0,0,61
COLON,95,"2,371","1,270",0.54,PRI,434,PAN_QI,360,GTM,214,274,434,12,4,17,68,0,64,15,3,108,0,0,22,0,0,0,0,35
COLON,96,"3,079","1,630",0.53,PAN_QI,487,PRI,454,GTM,389,377,454,5,6,16,143,0,61,6,9,65,0,0,49,0,0,0,0,50
CORREGIDORA,97,"6,365","3,575",0.56,PAN,"2,555",MORENA,408,PRI,161,"2,555",161,78,59,85,408,61,16,15,34,44,0,0,0,0,0,0,0,32
CORREGIDORA,98,"4,205","2,353",0.56,PAN,"1,526",MORENA,311,PRI,125,"1,526",125,50,22,77,311,57,13,22,29,39,0,0,0,0,0,0,0,37
CORREGIDORA,99,"15,438","7,768",0.5,PAN,"5,553",MORENA,"1,039",PRI,376,"5,553",376,56,132,132,"1,039",112,39,33,52,117,0,0,0,0,0,0,0,81
CORREGIDORA,100,"2,117","1,288",0.61,PAN,845,MORENA,160,PRI,65,845,65,14,28,41,160,38,13,8,15,30,0,0,0,0,0,0,0,16
CORREGIDORA,101,"4,076","2,316",0.57,PAN,"1,517",MORENA,298,PRI,129,"1,517",129,42,33,59,298,71,12,12,34,51,0,0,0,0,0,0,0,23
CORREGIDORA,102,"1,774","1,006",0.57,PAN,436,MORENA,153,PRI,129,436,129,17,20,53,153,65,5,9,46,33,0,0,0,0,0,0,0,21
CORREGIDORA,103,"5,217","2,596",0.5,PAN,"1,397",MORENA,440,PRI,200,"1,397",200,43,32,134,440,139,30,18,28,53,0,0,0,0,0,0,0,41
CORREGIDORA,104,"1,858",882,0.47,PAN,301,MORENA,193,PRI,74,301,74,21,12,71,193,70,46,10,24,14,0,0,0,0,0,0,0,22
CORREGIDORA,105,"10,074","3,504",0.35,PAN,"1,261",MORENA,672,PT,457,"1,261",308,74,55,266,672,457,67,24,69,79,0,0,0,0,0,0,0,113
CORREGIDORA,106,"2,188",931,0.43,PAN,293,MORENA,177,QI,129,293,67,17,9,103,177,55,129,9,12,11,0,0,0,0,0,0,0,24
CORREGIDORA,107,"2,010",874,0.43,PAN,342,MORENA,180,PRI,82,342,82,16,10,69,180,38,65,9,5,15,0,0,0,0,0,0,0,25
CORREGIDORA,108,"2,382","1,012",0.42,PAN,366,MORENA,180,PVEM,114,366,63,21,14,114,180,52,85,7,17,25,0,0,0,0,0,0,0,37
CORREGIDORA,109,"2,138",909,0.43,PAN,335,MORENA,188,PVEM,120,335,45,10,9,120,188,36,97,14,6,7,0,0,0,0,0,0,0,22
CORREGIDORA,110,"3,044","1,658",0.54,PAN,887,MORENA,308,PRI,132,887,132,41,27,34,308,56,19,11,14,31,0,0,0,0,0,0,0,31
CORREGIDORA,111,"2,665","1,290",0.48,PAN,602,MORENA,294,PRI,105,602,105,16,19,51,294,49,12,10,16,21,0,0,0,0,0,0,0,40
CORREGIDORA,113,"9,690","6,828",0.7,PAN,"5,189",MORENA,741,PRI,290,"5,189",290,55,90,51,741,82,20,45,33,76,0,0,0,0,0,0,0,77
CORREGIDORA,114,"7,563","3,593",0.48,PAN,"1,861",MORENA,709,PES,251,"1,861",222,82,39,69,709,131,24,251,24,51,0,0,0,0,0,0,0,81
CORREGIDORA,115,"9,488","4,999",0.53,PAN,"3,018",MORENA,599,SMM,551,"3,018",368,29,43,88,599,96,20,17,23,69,0,0,0,0,0,0,0,73
CORREGIDORA,116,"4,383","1,872",0.43,PAN,603,MORENA,394,PRI,264,603,264,25,29,104,394,156,17,34,40,32,0,0,0,0,0,0,0,58
CORREGIDORA,117,"5,190","3,568",0.69,PAN,"2,808",MORENA,259,PRI,133,"2,808",133,29,42,36,259,28,13,9,16,93,0,0,0,0,0,0,0,47
CORREGIDORA,118,"2,836","1,017",0.36,PAN,465,PRI,213,MORENA,112,465,213,18,16,66,112,17,1,6,7,22,0,0,0,0,0,0,0,28
CORREGIDORA,119,"1,577",772,0.49,PAN,283,PRI,150,MORENA,71,283,150,19,11,25,71,8,13,1,31,25,0,0,0,0,0,0,0,32
CORREGIDORA,120,"3,125","1,418",0.45,PAN,426,MORENA,348,PRI,199,426,199,28,33,106,348,51,2,22,50,48,0,0,0,0,0,0,0,42
CORREGIDORA,121,"3,515","1,418",0.4,PAN,595,MORENA,177,PRI,166,595,166,31,135,91,177,50,18,14,41,19,0,0,0,0,0,0,0,47
EZEQUIEL MONTES,122,"2,083","1,167",0.56,PAN_PRD_QI,510,IVR,306,PRI,265,440,265,21,7,5,0,5,6,4,16,8,43,0,0,0,0,0,0,26
EZEQUIEL MONTES,123,"1,659","1,032",0.62,PAN_PRD_QI,375,IVR,296,PRI,281,332,281,8,8,0,0,15,7,5,11,14,28,0,0,0,0,0,0,11
EZEQUIEL MONTES,124,"2,209","1,267",0.57,IVR,449,PAN_PRD_QI,400,PRI,331,325,331,35,5,6,0,8,7,5,13,16,17,12,2,2,0,0,0,15
EZEQUIEL MONTES,125,"1,280",847,0.66,IVR,284,PAN_PRD_QI,281,PRI,215,242,215,10,6,4,0,6,10,13,7,5,14,4,1,0,0,0,0,13
EZEQUIEL MONTES,126,"1,225",685,0.56,PAN_PRD_QI,269,IVR,201,PRI,154,239,154,5,5,1,0,5,3,4,18,3,15,5,2,0,0,0,0,21
EZEQUIEL MONTES,127,"3,419","2,017",0.59,PAN_PRD_QI,845,IVR,524,PRI,502,764,502,21,11,10,0,28,15,11,24,5,45,0,0,0,0,0,0,37
EZEQUIEL MONTES,128,"4,143","2,451",0.59,PAN_PRD_QI,965,IVR,696,PRI,593,890,593,15,15,8,0,26,18,18,22,21,42,0,0,0,0,0,0,57
EZEQUIEL MONTES,129,"1,275",840,0.66,PAN_PRD_QI,344,PRI,300,IVR,105,338,300,5,1,3,0,3,1,0,56,2,0,0,0,0,0,0,0,18
EZEQUIEL MONTES,130,"2,079","1,553",0.75,PAN_PRD_QI,805,PRI,385,IVR,195,725,385,20,1,3,0,8,12,3,82,6,40,7,1,0,0,0,0,34
EZEQUIEL MONTES,131,"1,900","1,151",0.61,PAN_PRD_QI,664,PRI,304,IVR,117,611,304,11,1,0,0,5,2,5,14,3,40,0,0,0,0,0,0,27
EZEQUIEL MONTES,132,"1,456",947,0.65,PAN_PRD_QI,498,IVR,242,PRI,128,454,128,11,15,7,0,13,3,6,7,5,30,0,0,0,0,0,0,16
EZEQUIEL MONTES,133,"2,567","1,586",0.62,IVR,877,PAN_PRD_QI,408,PRI,214,327,214,28,7,2,0,6,6,6,6,6,29,13,5,0,0,0,0,34
EZEQUIEL MONTES,134,"1,538","1,128",0.73,IVR,632,PAN_PRD_QI,297,PRI,144,256,144,15,3,7,0,8,4,4,6,7,22,0,0,0,0,0,0,19
EZEQUIEL MONTES,135,"1,589","1,128",0.71,IVR,568,PAN_PRD_QI,282,PRI,208,234,208,19,6,5,0,5,2,8,7,3,18,5,4,0,0,0,0,27
EZEQUIEL MONTES,136,"1,697","1,209",0.71,IVR,727,PAN_PRD_QI,282,PRI,127,229,127,27,9,3,0,3,3,6,7,2,18,3,2,0,0,0,0,30
EZEQUIEL MONTES,137,"1,505","1,050",0.7,PAN_PRD_QI,437,IVR,366,PRI,204,400,204,11,1,4,0,5,2,4,0,4,11,8,4,1,0,0,0,16
EZEQUIEL MONTES,138,611,429,0.7,PAN_PRD_QI,272,PRI,67,PRI,67,226,67,2,6,0,0,1,24,4,2,1,20,0,0,0,0,0,0,7
HUIMILPAN,139,"2,533","1,320",0.52,PRI,308,PVEM,270,PAN,170,170,308,12,31,270,84,0,4,74,144,18,0,0,0,0,0,0,0,51
HUIMILPAN,140,"1,577",777,0.49,PRI,215,PVEM,138,PAN,128,128,215,3,37,138,42,0,0,21,87,6,0,0,0,0,0,0,0,24
HUIMILPAN,141,"2,558","1,509",0.59,PVEM,494,PAN,294,FXM,165,294,148,43,6,494,68,0,3,40,123,165,0,0,0,0,0,0,0,45
HUIMILPAN,142,"1,324",721,0.54,PVEM,186,PAN,173,PRI,133,173,133,19,9,186,29,0,0,10,93,31,0,0,0,0,0,0,0,19
HUIMILPAN,143,"2,073",904,0.44,PVEM,292,PRI,189,PAN,181,181,189,35,12,292,44,0,0,7,66,22,0,0,0,0,0,0,0,24
HUIMILPAN,144,"3,908","2,223",0.57,PAN,946,PVEM,430,PRI,318,946,318,116,37,430,143,0,9,14,102,30,0,0,0,0,0,0,0,47
HUIMILPAN,145,"2,407","1,118",0.46,PVEM,390,PAN,244,PRI,166,244,166,54,29,390,50,0,3,12,63,33,0,0,0,0,0,0,0,58
HUIMILPAN,146,"1,148",574,0.5,PVEM,143,PAN,117,RSP,90,117,83,17,11,143,26,0,1,6,90,10,0,0,0,0,0,0,0,27
HUIMILPAN,147,"3,249","1,668",0.51,PVEM,468,PAN,367,PRI,361,367,361,43,23,468,41,0,3,21,144,20,0,0,0,0,0,0,0,56
HUIMILPAN,148,"1,553",651,0.42,PRI,212,PVEM,174,PAN,66,66,212,38,9,174,17,0,0,27,49,11,0,0,0,0,0,0,0,20
HUIMILPAN,149,"1,582",682,0.43,PVEM,238,PRI,108,RSP,101,95,108,13,13,238,32,0,1,3,101,33,0,0,0,0,0,0,0,26
HUIMILPAN,150,"2,161",782,0.36,PRI,211,PVEM,172,PAN,149,149,211,15,11,172,26,0,1,18,89,11,0,0,0,0,0,0,0,24
HUIMILPAN,151,"1,388",625,0.45,PVEM,163,PRI,146,PAN,73,73,146,17,8,163,20,0,0,45,49,5,0,0,0,0,0,0,0,29
HUIMILPAN,152,"2,647","1,181",0.45,PVEM,428,PRI,222,PAN,177,177,222,7,10,428,55,0,1,29,30,8,0,0,0,0,0,0,0,46
JALPAN DE SERRA,153,"3,821","2,324",0.61,EMC,910,PAN,708,PRI_PVEM,432,708,275,0,24,15,0,0,8,0,12,14,0,0,0,0,142,0,0,65
JALPAN DE SERRA,154,"2,469","1,575",0.64,EMC,618,PAN,548,PRI_PVEM,218,548,193,0,18,7,0,0,12,0,6,9,0,0,0,0,18,0,0,60
JALPAN DE SERRA,155,"3,020","1,754",0.58,EMC,781,PAN,516,PRI_PVEM,252,516,211,0,28,18,0,0,10,0,7,13,0,0,0,0,23,0,0,62
JALPAN DE SERRA,156,"2,199","1,362",0.62,EMC,566,PAN,470,PRI_PVEM,196,470,171,0,15,6,0,0,6,0,3,3,0,0,0,0,19,0,0,35
JALPAN DE SERRA,157,"1,244",738,0.59,PAN,234,EMC,223,PRI_PVEM,174,234,149,0,8,10,0,0,3,0,9,4,0,0,0,0,15,0,0,67
JALPAN DE SERRA,158,"1,176",621,0.53,PRI_PVEM,202,EMC,145,PAN,142,142,168,0,14,17,0,0,7,0,12,2,0,0,0,0,17,0,0,55
JALPAN DE SERRA,159,447,217,0.49,EMC,73,PRI_PVEM,63,PAN,51,51,55,0,2,2,0,0,0,0,2,1,0,0,0,0,6,0,0,17
JALPAN DE SERRA,160,671,415,0.62,PRI_PVEM,152,EMC,143,PAN,81,81,143,0,11,5,0,0,0,0,2,1,0,0,0,0,4,0,0,13
JALPAN DE SERRA,161,"1,689",948,0.56,EMC,454,PAN,216,PRI_PVEM,171,216,140,0,7,8,0,0,4,0,3,2,0,0,0,0,23,0,0,46
JALPAN DE SERRA,162,518,288,0.56,PAN,92,PRI_PVEM,74,EMC,68,92,60,0,2,2,0,0,1,0,1,2,0,0,0,0,12,0,0,7
JALPAN DE SERRA,163,730,355,0.49,PAN,126,EMC,121,PRI_PVEM,58,126,55,0,5,1,0,0,2,0,2,1,0,0,0,0,2,0,0,26
JALPAN DE SERRA,164,"1,004",494,0.49,PAN,171,EMC,159,PRI_PVEM,87,171,66,0,6,12,0,0,2,0,6,8,0,0,0,0,9,0,0,36
JALPAN DE SERRA,165,651,390,0.6,EMC,183,PAN,96,NULOS,40,96,28,0,6,2,0,0,4,0,1,3,0,0,0,0,6,0,0,40
JALPAN DE SERRA,166,670,374,0.56,EMC,191,PAN,102,PRI_PVEM,29,102,21,0,6,6,0,0,4,0,4,2,0,0,0,0,2,0,0,14
JALPAN DE SERRA,167,"1,586",868,0.55,EMC,352,PRI_PVEM,204,PAN,202,202,171,0,3,9,0,0,10,0,8,8,0,0,0,0,24,0,0,54
LANDA DE MATAMOROS,168,"2,479","1,575",0.64,PAN,721,PRI,550,MORENA,238,721,550,0,3,6,238,0,3,0,0,5,0,0,0,0,0,0,0,49
LANDA DE MATAMOROS,169,"1,023",519,0.51,PAN,186,PRI,149,MORENA,147,186,149,0,5,3,147,0,5,0,0,3,0,0,0,0,0,0,0,21
LANDA DE MATAMOROS,170,"1,056",636,0.6,PAN,216,PRI,202,MORENA,156,216,202,0,4,0,156,0,24,0,0,2,0,0,0,0,0,0,0,32
LANDA DE MATAMOROS,171,"1,572",978,0.62,PAN,367,MORENA,315,PRI,223,367,223,0,2,6,315,0,15,0,0,8,0,0,0,0,0,0,0,42
LANDA DE MATAMOROS,172,"1,057",585,0.55,PAN,299,PRI,136,MORENA,105,299,136,0,4,5,105,0,4,0,0,2,0,0,0,0,0,0,0,30
LANDA DE MATAMOROS,173,807,561,0.7,PAN,224,PRI,201,MORENA,81,224,201,0,1,2,81,0,24,0,0,3,0,0,0,0,0,0,0,25
LANDA DE MATAMOROS,174,"1,735","1,035",0.6,PRI,398,PAN,370,MORENA,181,370,398,0,8,2,181,0,25,0,0,9,0,0,0,0,0,0,0,42
LANDA DE MATAMOROS,175,"1,133",690,0.61,PAN,317,PRI,254,MORENA,88,317,254,0,1,3,88,0,13,0,0,0,0,0,0,0,0,0,0,14
LANDA DE MATAMOROS,176,"1,763","1,258",0.71,PRI,579,PAN,522,MORENA,94,522,579,0,2,5,94,0,6,0,0,3,0,0,0,0,0,0,0,46
LANDA DE MATAMOROS,177,696,463,0.67,PRI,259,PAN,119,MORENA,43,119,259,0,1,2,43,0,0,0,0,5,0,0,0,0,0,0,0,34
LANDA DE MATAMOROS,178,485,281,0.58,PAN,103,PRI,82,MORENA,77,103,82,0,1,2,77,0,3,0,0,0,0,0,0,0,0,0,0,13
LANDA DE MATAMOROS,179,500,334,0.67,PRI,165,PAN,128,MORENA,24,128,165,0,1,0,24,0,5,0,0,0,0,0,0,0,0,0,0,11
LANDA DE MATAMOROS,180,"1,612","1,060",0.66,PAN,396,MORENA,307,PRI,305,396,305,0,5,5,307,0,4,0,0,9,0,0,0,0,0,0,0,29
LANDA DE MATAMOROS,181,520,316,0.61,PAN,171,PRI,85,MORENA,47,171,85,0,1,2,47,0,0,0,0,1,0,0,0,0,0,0,0,9
EL MARQUES,182,"3,048","1,958",0.64,PAN,730,PRI,336,MORENA,310,730,336,14,6,24,310,289,5,29,117,66,0,0,0,0,0,0,0,32
EL MARQUES,183,"2,679","1,750",0.65,PAN,735,PT,355,MORENA,183,735,179,15,4,10,183,355,5,65,128,50,0,0,0,0,0,0,0,20
EL MARQUES,184,"3,184","2,019",0.63,PAN,"1,041",MORENA,308,PRI,287,"1,041",287,7,6,13,308,201,7,15,44,53,0,0,0,0,0,0,0,37
EL MARQUES,185,"2,150","1,414",0.66,PAN,605,PT,290,PRI,211,605,211,9,1,8,168,290,5,15,27,52,0,0,0,0,0,0,0,19
EL MARQUES,186,883,510,0.58,PAN,306,PRI,107,MORENA,63,306,107,2,2,3,63,0,0,7,3,5,0,0,0,0,0,0,0,12
EL MARQUES,187,"1,071",738,0.69,PAN,417,PRI,204,MORENA,68,417,204,3,0,8,68,12,1,2,3,3,0,0,0,0,0,0,0,17
EL MARQUES,188,"3,423","2,016",0.59,PAN,"1,284",PRI,404,MORENA,181,"1,284",404,24,5,18,181,12,0,14,8,18,0,0,0,0,0,0,0,48
EL MARQUES,189,"2,925","1,872",0.64,PAN,815,PRI,655,MORENA,245,815,655,12,4,23,245,17,5,17,12,12,0,0,0,0,0,0,0,55
EL MARQUES,190,"3,205","2,092",0.65,PAN,992,PRI,664,MORENA,265,992,664,13,4,26,265,14,8,19,16,20,0,0,0,0,0,0,0,51
EL MARQUES,191,"3,557","2,144",0.6,PAN,"1,199",PRI,451,MORENA,303,"1,199",451,8,3,21,303,26,3,41,11,13,0,0,0,0,0,0,0,64
EL MARQUES,192,"3,153","1,859",0.59,PAN,"1,105",PRI,398,MORENA,247,"1,105",398,11,7,22,247,16,3,13,4,7,0,0,0,0,0,0,0,26
EL MARQUES,193,"1,763","1,028",0.58,PAN,424,PRI,369,MORENA,137,424,369,13,6,9,137,12,4,13,19,3,0,0,0,0,0,0,0,19
EL MARQUES,194,"1,627",988,0.61,PAN,413,PRI,329,MORENA,127,413,329,4,4,19,127,13,2,3,19,14,0,0,0,0,0,0,0,41
EL MARQUES,195,"18,886","9,919",0.53,PAN,"5,569",PRI,"2,024",MORENA,"1,511","5,569","2,024",83,43,194,"1,511",85,82,50,66,36,0,0,0,0,0,0,0,165
EL MARQUES,196,"3,792","2,503",0.66,PRI,"1,118",PAN,933,MORENA,209,933,"1,118",26,16,24,209,17,11,35,17,13,0,0,0,0,0,0,0,71
EL MARQUES,197,"1,978","1,242",0.63,PAN,569,PRI,344,MORENA,200,569,344,31,19,20,200,11,2,11,5,9,0,0,0,0,0,0,0,21
EL MARQUES,198,"3,073","1,986",0.65,PAN,963,PRI,445,MORENA,379,963,445,65,12,21,379,10,5,17,12,13,0,0,0,0,0,0,0,43
EL MARQUES,199,"2,766","1,680",0.61,PAN,856,PRI,438,MORENA,150,856,438,7,17,21,150,42,18,4,7,71,0,0,0,0,0,0,0,48
EL MARQUES,200,"3,823","2,039",0.53,PAN,931,PRI,551,MORENA,292,931,551,32,11,38,292,40,17,13,14,42,0,0,0,0,0,0,0,55
EL MARQUES,202,"12,700","3,894",0.31,PAN,"1,196",MORENA,"1,126",PRI,873,"1,196",873,42,43,121,"1,126",132,24,34,107,100,0,0,0,0,0,0,0,94
EL MARQUES,203,"9,018","4,151",0.46,PAN,"1,897",PRI,858,MORENA,791,"1,897",858,42,39,143,791,125,25,22,69,67,0,0,0,0,0,0,0,72
EL MARQUES,204,"9,077","3,424",0.38,PAN,"1,479",MORENA,789,PRI,727,"1,479",727,30,24,93,789,79,32,21,36,38,0,0,0,0,0,0,0,67
EL MARQUES,205,"13,292","5,403",0.41,PAN,"2,767",MORENA,"1,116",PRI,818,"2,767",818,68,48,183,"1,116",93,53,39,41,64,0,0,0,0,0,0,0,111
EL MARQUES,206,"1,968","1,338",0.68,PAN,592,MORENA,326,PRI,276,592,276,7,6,18,326,36,9,21,6,15,0,0,0,0,0,0,0,26
EL MARQUES,207,"2,824","1,546",0.55,PAN,615,MORENA,408,PRI,368,615,368,13,6,22,408,35,9,17,13,11,0,0,0,0,0,0,0,29
EL MARQUES,208,"2,880","1,725",0.6,PRI,671,PAN,560,MORENA,310,560,671,8,9,29,310,29,4,31,7,23,0,0,0,0,0,0,0,44
EL MARQUES,209,"1,990","1,236",0.62,PAN,491,PRI,420,MORENA,234,491,420,2,7,12,234,11,4,4,8,11,0,0,0,0,0,0,0,32
PEDRO ESCOBEDO,210,"2,023","1,104",0.55,PAN,507,PRI,301,MORENA,100,507,301,9,13,8,100,0,2,9,22,85,0,0,0,0,0,0,0,19
PEDRO ESCOBEDO,211,"1,419",821,0.58,PAN,348,PRI,256,MORENA,82,348,256,3,11,3,82,0,1,19,12,65,0,0,0,0,0,0,0,13
PEDRO ESCOBEDO,212,"3,570","1,965",0.55,PAN,899,PRI,456,MORENA,253,899,456,26,7,29,253,0,4,19,47,158,0,0,0,0,0,0,0,26
PEDRO ESCOBEDO,213,"1,827","1,085",0.59,PAN,493,PRI,331,MORENA,108,493,331,10,2,5,108,0,14,9,24,51,0,0,0,0,0,0,0,24
PEDRO ESCOBEDO,214,"3,089","1,525",0.49,PAN,642,PRI,348,MORENA,259,642,348,18,8,9,259,0,2,25,35,109,0,0,0,0,0,0,0,24
PEDRO ESCOBEDO,215,"1,981","1,107",0.56,PAN,630,PRI,161,FXM,104,630,161,13,10,16,100,0,1,20,15,104,0,0,0,0,0,0,0,28
PEDRO ESCOBEDO,216,"2,626","1,405",0.54,PAN,555,MORENA,293,FXM,202,555,172,12,10,30,293,0,9,12,31,202,0,0,0,0,0,0,0,41
PEDRO ESCOBEDO,217,"2,208","1,109",0.5,PAN,412,PRI,230,MORENA,219,412,230,8,11,16,219,0,3,21,40,98,0,0,0,0,0,0,0,22
PEDRO ESCOBEDO,218,"1,538",826,0.54,PAN,446,PRI,161,MORENA,92,446,161,10,4,9,92,0,4,9,14,42,0,0,0,0,0,0,0,12
PEDRO ESCOBEDO,219,"1,780","1,131",0.64,PAN,516,PRI,315,MORENA,107,516,315,6,9,13,107,0,5,6,28,92,0,0,0,0,0,0,0,16
PEDRO ESCOBEDO,220,"1,919",956,0.5,PAN,409,MORENA,203,PRI,92,409,92,15,10,19,203,0,6,15,45,42,0,0,0,0,0,0,0,33
PEDRO ESCOBEDO,221,"2,279","1,032",0.45,PAN,511,MORENA,215,PRI,105,511,105,17,11,19,215,0,4,7,48,47,0,0,0,0,0,0,0,26
PEDRO ESCOBEDO,222,"3,057","1,603",0.52,PAN,609,PRI,320,MORENA,243,609,320,9,8,173,243,0,8,27,27,133,0,0,0,0,0,0,0,29
PEDRO ESCOBEDO,223,"2,168","1,243",0.57,PAN,586,PRI,182,MORENA,158,586,182,19,8,17,158,0,20,31,53,95,0,0,0,0,0,0,0,36
PEDRO ESCOBEDO,224,"2,263","1,547",0.68,PAN,"1,137",MORENA,167,PRI,81,"1,137",81,5,6,15,167,0,3,6,14,73,0,0,0,0,0,0,0,28
PEDRO ESCOBEDO,225,"1,707","1,086",0.64,PAN,769,PRI,93,MORENA,78,769,93,20,6,3,78,0,2,4,13,67,0,0,0,0,0,0,0,16
PEDRO ESCOBEDO,226,"2,567","1,188",0.46,PAN,385,PRI,333,MORENA,148,385,333,39,17,24,148,0,5,28,22,87,0,0,0,0,0,0,0,40
PEDRO ESCOBEDO,227,"2,558","1,172",0.46,PAN,341,PRI,329,MORENA,183,341,329,24,18,21,183,0,8,37,31,95,0,0,0,0,0,0,0,37
PEDRO ESCOBEDO,228,"2,935","1,075",0.37,PAN,322,PRI,321,MORENA,159,322,321,36,11,22,159,0,0,19,31,118,0,0,0,0,0,0,0,17
PEDRO ESCOBEDO,229,"1,340",581,0.43,PAN,214,FXM,93,PRI,79,214,79,44,3,13,64,0,0,14,11,93,0,0,0,0,0,0,0,25
PEDRO ESCOBEDO,230,"4,206","2,278",0.54,PAN,"1,081",PRI,339,SHU,334,"1,081",339,15,15,51,142,0,2,23,68,136,0,0,0,0,0,0,0,72
PEDRO ESCOBEDO,231,"2,847","1,409",0.49,PAN,395,PRI,238,MORENA,227,395,238,17,26,72,227,0,6,40,39,219,0,0,0,0,0,0,0,65
PEDRO ESCOBEDO,232,654,300,0.46,PAN,96,PRI,78,FXM,41,96,78,1,6,9,34,0,0,8,4,41,0,0,0,0,0,0,0,8
PEDRO ESCOBEDO,233,"2,842","1,585",0.56,PAN,"1,069",PRI,178,MORENA,169,"1,069",178,11,6,12,169,0,2,19,16,76,0,0,0,0,0,0,0,18
PENAMILLER,234,"1,760","1,390",0.79,PAN,954,PVEM,367,NULOS,32,954,3,0,0,367,26,0,0,6,0,0,0,0,0,0,0,0,0,32
PENAMILLER,235,404,330,0.82,PVEM,208,PAN,113,MORENA,4,113,2,0,0,208,4,0,0,0,0,0,0,0,0,0,0,0,0,3
PENAMILLER,236,305,195,0.64,PAN,114,PVEM,72,NULOS,5,114,2,0,0,72,1,0,0,1,0,0,0,0,0,0,0,0,0,5
PENAMILLER,237,"2,258","1,570",0.7,PAN,725,PVEM,702,MORENA,55,725,18,0,0,702,55,0,0,22,0,0,0,0,0,0,0,0,0,48
PENAMILLER,238,524,331,0.63,PAN,168,PVEM,116,MORENA,26,168,5,0,0,116,26,0,0,2,0,0,0,0,0,0,0,0,0,14
PENAMILLER,239,460,291,0.63,PVEM,141,PAN,133,NULOS,10,133,2,0,0,141,2,0,0,3,0,0,0,0,0,0,0,0,0,10
PENAMILLER,240,"1,229",943,0.77,PAN,512,PVEM,348,MORENA,42,512,2,0,0,348,42,0,0,10,0,0,0,0,0,0,0,0,0,29
PENAMILLER,241,"1,167",792,0.68,PAN,411,PVEM,325,NULOS,20,411,9,0,0,325,16,0,0,11,0,0,0,0,0,0,0,0,0,20
PENAMILLER,242,969,600,0.62,PAN,362,PVEM,170,MORENA,28,362,9,0,0,170,28,0,0,15,0,0,0,0,0,0,0,0,0,16
PENAMILLER,243,671,518,0.77,PAN,325,PVEM,172,NULOS,10,325,3,0,0,172,7,0,0,1,0,0,0,0,0,0,0,0,0,10
PENAMILLER,244,714,546,0.76,PAN,295,PVEM,228,NULOS,9,295,7,0,0,228,4,0,0,3,0,0,0,0,0,0,0,0,0,9
PENAMILLER,245,"2,689","2,076",0.77,PVEM,"1,148",PAN,727,MORENA,139,727,5,0,0,"1,148",139,0,0,16,0,0,0,0,0,0,0,0,0,41
PENAMILLER,246,107,88,0.82,PVEM,42,PAN,39,NULOS,5,39,2,0,0,42,0,0,0,0,0,0,0,0,0,0,0,0,0,5
PENAMILLER,247,"1,750","1,398",0.8,PAN,761,PVEM,599,NULOS,16,761,2,0,0,599,15,0,0,4,0,0,0,0,0,0,0,0,0,16
PINAL DE AMOLES,248,"1,964","1,502",0.76,PAN,719,PRI_PVEM,567,PT_QI,136,719,546,14,15,15,0,38,89,0,0,17,0,0,0,0,6,0,9,34
PINAL DE AMOLES,249,942,704,0.75,PAN,304,PRI_PVEM,279,PT_QI,95,304,261,5,2,10,0,23,66,0,0,2,0,0,0,0,8,0,6,16
PINAL DE AMOLES,250,"1,547",903,0.58,PAN,395,PRI_PVEM,215,PRD,184,395,192,184,4,8,0,13,17,0,0,26,0,0,0,0,15,0,4,45
PINAL DE AMOLES,251,"1,571","1,064",0.68,PAN,543,PRI_PVEM,425,PT_QI,45,543,408,9,0,10,0,8,32,0,0,10,0,0,0,0,7,0,5,32
PINAL DE AMOLES,252,735,444,0.6,PAN,250,PRI_PVEM,117,PRD,28,250,113,28,0,0,0,8,4,0,0,20,0,0,0,0,4,0,1,15
PINAL DE AMOLES,253,"2,471","1,527",0.62,PRI_PVEM,603,PAN,565,PT_QI,200,565,529,88,3,40,0,54,131,0,0,25,0,0,0,0,34,0,15,42
PINAL DE AMOLES,254,"1,318",774,0.59,PAN,372,PRI_PVEM,216,PRD,89,372,197,89,1,8,0,13,28,0,0,27,0,0,0,0,11,0,7,21
PINAL DE AMOLES,255,351,192,0.55,PRI_PVEM,90,PAN,81,NULOS,10,81,85,3,1,5,0,1,6,0,0,0,0,0,0,0,0,0,0,10
PINAL DE AMOLES,256,892,588,0.66,PRI_PVEM,252,PAN,240,PT_QI,58,240,234,5,1,8,0,18,34,0,0,18,0,0,0,0,10,0,6,14
PINAL DE AMOLES,257,434,314,0.72,PAN,144,PRI_PVEM,105,PT_QI,47,144,94,2,2,5,0,10,32,0,0,1,0,0,0,0,6,0,5,13
PINAL DE AMOLES,258,"1,172",759,0.65,PAN,421,PRI_PVEM,249,PT_QI,57,421,234,6,1,7,0,17,37,0,0,3,0,0,0,0,8,0,3,22
PINAL DE AMOLES,259,"1,013",572,0.56,PAN,293,PRI_PVEM,193,PT_QI,46,293,185,8,3,4,0,19,27,0,0,4,0,0,0,0,4,0,0,25
PINAL DE AMOLES,260,"1,332",721,0.54,PAN,331,PRI_PVEM,193,PT_QI,109,331,178,39,3,7,0,17,82,0,0,10,0,0,0,0,8,0,10,36
PINAL DE AMOLES,261,"1,499",806,0.54,PAN,289,PRI_PVEM,280,PRD,90,289,270,90,3,6,0,16,54,0,0,3,0,0,0,0,4,0,10,61
PINAL DE AMOLES,262,"1,452",915,0.63,PRI_PVEM,380,PAN,334,PT_QI,120,334,363,1,25,3,0,28,79,0,0,5,0,0,0,0,14,0,13,50
PINAL DE AMOLES,263,476,300,0.63,PAN,159,PRI_PVEM,92,PT_QI,35,159,89,2,0,3,0,12,23,0,0,2,0,0,0,0,0,0,0,10
PINAL DE AMOLES,264,640,425,0.66,PRI_PVEM,146,PAN,145,PT_QI,114,145,136,3,1,8,0,27,80,0,0,0,0,0,0,0,2,0,7,16
PINAL DE AMOLES,265,292,159,0.54,PAN,71,PRI_PVEM,57,PT_QI,28,71,52,0,0,5,0,5,20,0,0,0,0,0,0,0,0,0,3,3
QUERETARO,266,"3,960","1,333",0.34,PAN_QI,613,MORENA,378,PRI,208,606,208,18,30,21,378,6,7,14,8,5,0,0,0,0,0,0,0,29
QUERETARO,267,"2,969","1,489",0.5,PAN_QI,983,MORENA,253,PRI,153,976,153,13,27,19,253,11,6,3,8,5,0,0,1,0,0,0,0,12
QUERETARO,268,"2,505","1,786",0.71,PAN_QI,"1,410",MORENA,163,PRI,158,"1,400",158,11,10,7,163,5,8,2,2,2,0,0,2,0,0,0,0,16
QUERETARO,269,"2,234","1,727",0.77,PAN_QI,"1,415",MORENA,135,PRI,120,"1,407",120,13,13,9,135,4,8,2,3,6,0,0,0,0,0,0,0,6
QUERETARO,270,"11,418","3,349",0.29,MORENA,"1,386",PAN_QI,"1,131",PRI,435,"1,088",435,49,65,50,"1,386",27,24,22,30,34,0,0,19,0,0,0,0,120
QUERETARO,272,"3,433","1,256",0.37,MORENA,538,PAN_QI,390,PRI,150,382,150,19,29,30,538,15,7,9,11,26,0,0,1,0,0,0,0,38
QUERETARO,274,"1,910",915,0.48,MORENA,361,PAN_QI,307,PRI,112,290,112,20,21,14,361,12,10,7,12,14,0,0,7,0,0,0,0,35
QUERETARO,275,"2,020",893,0.44,MORENA,308,PAN_QI,299,PRI,153,293,153,15,25,18,308,7,4,14,9,4,0,0,2,0,0,0,0,41
QUERETARO,277,"6,470","3,087",0.48,PAN_QI,"1,235",MORENA,966,PRI,536,"1,195",536,43,95,47,966,26,31,16,32,18,0,0,9,0,0,0,0,71
QUERETARO,278,"17,331","7,255",0.42,PAN_QI,"3,359",MORENA,"2,092",PRI,"1,109","3,291","1,109",103,178,81,"2,092",43,50,40,52,44,0,0,18,0,0,0,0,151
QUERETARO,279,968,593,0.61,PAN_QI,222,MORENA,184,PRI,97,209,97,7,26,13,184,3,8,2,11,9,0,0,5,0,0,0,0,19
QUERETARO,280,"1,398",765,0.55,PAN_QI,332,MORENA,227,PRI,115,319,115,14,17,5,227,3,10,5,6,20,0,0,3,0,0,0,0,21
QUERETARO,281,"2,214","1,162",0.52,PAN_QI,543,MORENA,305,PRI,170,533,170,18,30,13,305,6,7,5,9,26,0,0,3,0,0,0,0,35
QUERETARO,282,"7,000","3,370",0.48,PAN_QI,"1,398",MORENA,"1,106",PRI,477,"1,348",477,54,102,70,"1,106",25,30,17,29,32,0,0,20,0,0,0,0,58
QUERETARO,283,"1,127",656,0.58,PAN_QI,275,MORENA,217,PRI,92,269,92,5,20,12,217,4,4,2,2,13,0,0,2,0,0,0,0,13
QUERETARO,284,"1,029",639,0.62,PAN_QI,293,MORENA,170,PRI,98,285,98,14,16,11,170,5,3,4,4,4,0,0,5,0,0,0,0,20
QUERETARO,285,"1,701",697,0.41,MORENA,240,PAN_QI,220,PRI,167,213,167,4,7,13,240,6,3,6,8,4,0,0,4,0,0,0,0,22
QUERETARO,286,"3,453","1,103",0.32,MORENA,386,PAN_QI,344,PRI,246,329,246,8,26,14,386,12,13,6,22,6,0,0,2,0,0,0,0,33
QUERETARO,287,"1,510",751,0.5,MORENA,300,PAN_QI,233,PRI,119,227,119,11,14,24,300,9,4,7,13,3,0,0,2,0,0,0,0,18
QUERETARO,288,"3,031","1,490",0.49,MORENA,590,PAN_QI,546,PRI,196,529,196,13,34,25,590,17,12,14,11,7,0,0,5,0,0,0,0,36
QUERETARO,289,948,499,0.53,PAN_QI,202,MORENA,179,PRI,73,195,73,3,6,4,179,3,6,4,4,7,0,0,1,0,0,0,0,14
QUERETARO,290,"1,008",538,0.53,MORENA,204,PAN_QI,186,PRI,86,180,86,10,14,4,204,6,4,1,3,9,0,0,2,0,0,0,0,15
QUERETARO,291,"1,885","1,048",0.56,MORENA,378,PAN_QI,376,PRI,178,367,178,20,30,17,378,7,7,5,8,14,0,0,2,0,0,0,0,14
QUERETARO,292,"1,202",650,0.54,PAN_QI,257,MORENA,216,PRI,102,252,102,8,23,8,216,7,3,2,3,8,0,0,2,0,0,0,0,16
QUERETARO,294,975,515,0.53,PAN_QI,193,MORENA,183,PRI,78,185,78,10,12,5,183,5,4,5,4,10,0,0,4,0,0,0,0,10
QUERETARO,295,"3,518","1,250",0.36,MORENA,441,PAN_QI,378,PRI,248,359,248,26,32,30,441,12,9,9,23,7,0,0,10,0,0,0,0,43
QUERETARO,296,"1,485",644,0.43,MORENA,259,PAN_QI,202,PRI,95,196,95,14,20,9,259,6,3,4,10,8,0,0,3,0,0,0,0,16
QUERETARO,297,"1,418",781,0.55,PAN_QI,317,MORENA,252,PRI,127,309,127,8,18,16,252,8,8,5,3,8,0,0,0,0,0,0,0,19
QUERETARO,298,"1,119",659,0.59,PAN_QI,287,MORENA,213,PRI,79,276,79,12,13,16,213,2,9,1,3,2,0,0,2,0,0,0,0,31
QUERETARO,299,"1,124",638,0.57,PAN_QI,283,MORENA,208,PRI,75,276,75,8,19,9,208,4,7,2,1,12,0,0,0,0,0,0,0,17
QUERETARO,300,"3,961","1,627",0.41,PAN_QI,640,MORENA,565,PRI,241,607,241,26,43,13,565,10,20,9,13,25,0,0,13,0,0,0,0,40
QUERETARO,301,"1,268",706,0.56,PAN_QI,300,MORENA,218,PRI,104,286,104,8,17,20,218,8,4,2,6,8,0,0,10,0,0,0,0,15
QUERETARO,302,"1,515",907,0.6,PAN_QI,389,MORENA,272,PRI,128,377,128,14,28,18,272,9,7,9,5,10,0,0,5,0,0,0,0,25
QUERETARO,303,"5,449","2,600",0.48,PAN_QI,"1,092",MORENA,831,PRI,379,"1,067",379,37,74,37,831,22,17,19,32,19,0,0,8,0,0,0,0,52
QUERETARO,304,"2,723","1,067",0.39,MORENA,404,PAN_QI,316,PRI,213,304,213,17,22,22,404,13,7,10,10,10,0,0,5,0,0,0,0,29
QUERETARO,305,"4,509","2,129",0.47,PAN_QI,837,MORENA,677,PRI,368,823,368,29,65,35,677,12,13,12,18,22,0,0,1,0,0,0,0,53
QUERETARO,306,"1,021",591,0.58,PAN_QI,250,MORENA,195,PRI,99,243,99,7,10,7,195,3,3,2,1,6,0,0,4,0,0,0,0,10
QUERETARO,307,"1,024",523,0.51,PAN_QI,233,MORENA,166,PRI,73,222,73,5,8,6,166,10,8,0,2,6,0,0,3,0,0,0,0,14
QUERETARO,308,"5,003","2,346",0.47,PAN_QI,"1,020",MORENA,742,PRI,342,973,342,24,67,45,742,10,36,18,14,19,0,0,11,0,0,0,0,38
QUERETARO,309,"1,127",596,0.53,PAN_QI,242,MORENA,186,PRI,97,235,97,5,18,7,186,5,7,8,8,8,0,0,0,0,0,0,0,12
QUERETARO,310,"1,216",639,0.53,PAN_QI,273,MORENA,204,PRI,94,259,94,14,17,9,204,2,9,4,1,7,0,0,5,0,0,0,0,12
QUERETARO,311,945,402,0.43,PAN_QI,170,MORENA,129,PRI,58,163,58,10,16,6,129,1,4,2,1,4,0,0,3,0,0,0,0,5
QUERETARO,312,"1,204",590,0.49,PAN_QI,229,MORENA,205,PRI,76,220,76,8,12,19,205,6,6,4,3,12,0,0,3,0,0,0,0,15
QUERETARO,313,"2,667","1,792",0.67,PAN_QI,"1,267",MORENA,243,PRI,180,"1,250",180,9,29,17,243,3,9,5,9,3,0,0,8,0,0,0,0,23
QUERETARO,314,"1,131",606,0.54,PAN_QI,270,MORENA,187,PRI,75,261,75,9,22,8,187,8,7,2,6,7,0,0,2,0,0,0,0,12
QUERETARO,315,"1,137",611,0.54,PAN_QI,256,MORENA,186,PRI,85,247,85,9,19,12,186,4,6,4,6,3,0,0,3,0,0,0,0,27
QUERETARO,316,"2,524","1,180",0.47,PAN_QI,464,MORENA,406,PRI,159,447,159,16,39,23,406,8,11,9,14,10,0,0,6,0,0,0,0,31
QUERETARO,317,"1,006",532,0.53,PAN_QI,226,MORENA,162,PRI,83,219,83,9,10,11,162,4,7,5,2,9,0,0,0,0,0,0,0,11
QUERETARO,318,"4,913","2,288",0.47,PAN_QI,982,MORENA,694,PRI,369,955,369,26,65,31,694,22,16,16,14,26,0,0,11,0,0,0,0,41
QUERETARO,319,"4,551","2,206",0.48,PAN_QI,874,MORENA,752,PRI,371,857,371,24,51,28,752,14,16,15,18,11,0,0,1,0,0,0,0,46
QUERETARO,320,"2,486","1,261",0.51,PAN_QI,566,MORENA,365,PRI,200,556,200,25,32,20,365,5,9,6,12,5,0,0,1,0,0,0,0,24
QUERETARO,321,"1,636",838,0.51,PAN_QI,370,MORENA,254,PRI,142,363,142,11,25,12,254,3,6,3,5,3,0,0,1,0,0,0,0,10
QUERETARO,322,"1,024",542,0.53,PAN_QI,211,MORENA,190,PRI,77,207,77,10,10,12,190,4,4,2,9,6,0,0,0,0,0,0,0,11
QUERETARO,323,"9,758","4,077",0.42,PAN_QI,"1,714",MORENA,"1,194",PRI,725,"1,667",725,50,117,64,"1,194",34,27,45,37,20,0,0,20,0,0,0,0,76
QUERETARO,324,910,496,0.55,PAN_QI,234,MORENA,147,PRI,55,231,55,8,9,9,147,5,1,4,3,11,0,0,2,0,0,0,0,11
QUERETARO,325,927,550,0.59,PAN_QI,237,MORENA,172,PRI,70,232,70,13,16,0,172,9,3,2,1,11,0,0,2,0,0,0,0,19
QUERETARO,326,"2,302",942,0.41,PAN_QI,367,MORENA,273,PRI,177,358,177,14,26,13,273,11,7,18,5,12,0,0,2,0,0,0,0,26
QUERETARO,327,"3,467","1,721",0.5,PAN_QI,797,MORENA,510,PRI,243,781,243,20,54,25,510,18,11,11,14,7,0,0,5,0,0,0,0,20
QUERETARO,328,"3,144","1,539",0.49,PAN_QI,711,MORENA,423,PRI,226,698,226,26,36,36,423,20,10,14,8,7,0,0,3,0,0,0,0,32
QUERETARO,329,"2,326","1,146",0.49,PAN_QI,438,MORENA,392,PRI,162,415,162,17,41,31,392,8,17,11,11,8,0,0,6,0,0,0,0,27
QUERETARO,330,"1,346",658,0.49,PAN_QI,220,MORENA,203,PRI,147,212,147,13,19,10,203,6,8,9,6,8,0,0,0,0,0,0,0,17
QUERETARO,331,"2,650","1,130",0.43,MORENA,448,PAN_QI,390,PRI,179,382,179,14,25,18,448,10,6,6,8,11,0,0,2,0,0,0,0,20
QUERETARO,332,"1,659",701,0.42,MORENA,255,PAN_QI,238,PRI,133,233,133,10,16,11,255,5,3,8,2,4,0,0,2,0,0,0,0,19
QUERETARO,333,"1,515","1,101",0.73,PAN_QI,823,MORENA,126,PRI,110,809,110,6,9,5,126,4,10,2,5,2,0,0,4,0,0,0,0,8
QUERETARO,334,"1,663","1,109",0.67,PAN_QI,761,MORENA,142,PRI,137,751,137,14,17,10,142,7,7,3,4,4,0,0,3,0,0,0,0,9
QUERETARO,335,"1,264",523,0.41,PAN_QI,218,MORENA,158,PRI,90,208,90,11,7,11,158,9,5,3,8,2,0,0,5,0,0,0,0,6
QUERETARO,336,"2,036",802,0.39,PAN_QI,308,MORENA,261,PRI,106,289,106,12,18,7,261,8,5,8,30,3,0,0,14,0,0,0,0,41
QUERETARO,337,"1,488",860,0.58,PAN_QI,516,MORENA,171,PRI,108,511,108,7,13,9,171,9,5,2,2,6,0,0,0,0,0,0,0,16
QUERETARO,338,"2,955","1,818",0.62,PAN_QI,"1,123",MORENA,336,PRI,236,"1,109",236,13,37,15,336,11,8,4,11,6,0,0,6,0,0,0,0,25
QUERETARO,339,"1,005",536,0.53,PAN_QI,276,MORENA,143,PRI,63,270,63,10,16,5,143,5,4,6,2,0,0,0,2,0,0,0,0,10
QUERETARO,340,"2,600","1,109",0.43,MORENA,439,PAN_QI,356,PRI,189,346,189,12,25,21,439,10,9,7,8,12,0,0,1,0,0,0,0,30
QUERETARO,341,"1,297",662,0.51,PAN_QI,232,MORENA,213,PRI,134,227,134,9,11,13,213,7,5,11,13,4,0,0,0,0,0,0,0,15
QUERETARO,342,867,478,0.55,PAN_QI,208,MORENA,142,PRI,80,200,80,2,8,7,142,0,4,5,2,7,0,0,4,0,0,0,0,16
QUERETARO,343,"3,403","1,889",0.56,PAN_QI,893,MORENA,464,PRI,366,872,366,27,52,10,464,11,15,4,16,10,0,0,6,0,0,0,0,36
QUERETARO,344,"4,554","2,205",0.48,PAN_QI,859,MORENA,690,PRI,386,822,386,34,57,32,690,16,20,31,24,14,0,0,17,0,0,0,0,62
QUERETARO,345,"2,423","1,058",0.44,MORENA,387,PAN_QI,349,PRI,176,339,176,19,31,22,387,13,6,18,9,9,0,0,4,0,0,0,0,25
QUERETARO,346,"1,938",917,0.47,MORENA,327,PAN_QI,320,PRI,166,309,166,10,21,19,327,9,7,10,7,5,0,0,4,0,0,0,0,23
QUERETARO,347,"1,417",768,0.54,PAN_QI,380,MORENA,205,PRI,114,360,114,9,14,12,205,10,7,1,2,3,0,0,13,0,0,0,0,17
QUERETARO,348,"1,218",724,0.59,PAN_QI,294,MORENA,220,PRI,126,288,126,10,17,10,220,10,6,5,8,3,0,0,0,0,0,0,0,21
QUERETARO,349,"1,809","1,071",0.59,PAN_QI,600,MORENA,231,PRI,154,591,154,13,17,8,231,11,8,3,8,5,0,0,1,0,0,0,0,20
QUERETARO,350,"1,134",569,0.5,PAN_QI,217,MORENA,197,PRI,93,213,93,5,5,7,197,7,2,2,3,1,0,0,2,0,0,0,0,21
QUERETARO,351,"1,036",808,0.78,PAN_QI,599,MORENA,102,PRI,84,594,84,4,6,3,102,1,3,1,1,2,0,0,2,0,0,0,0,5
QUERETARO,352,"1,366",783,0.57,PAN_QI,538,MORENA,99,PRI,92,534,92,11,9,2,99,8,3,1,6,3,0,0,1,0,0,0,0,13
QUERETARO,353,"6,544","4,599",0.7,PAN_QI,"3,402",MORENA,582,PRI,395,"3,368",395,35,54,23,582,17,23,10,20,9,0,0,11,0,0,0,0,48
QUERETARO,354,"1,094",551,0.5,PAN_QI,219,MORENA,177,PRI,98,214,98,9,7,4,177,7,5,1,8,2,0,0,0,0,0,0,0,17
QUERETARO,355,"1,393",705,0.51,MORENA,264,PAN_QI,220,PRI,143,215,143,9,19,12,264,5,5,2,7,3,0,0,0,0,0,0,0,21
QUERETARO,356,"1,948","1,004",0.52,PAN_QI,411,MORENA,300,PRI,176,400,176,11,26,17,300,11,4,11,9,10,0,0,7,0,0,0,0,20
QUERETARO,357,"2,246","1,133",0.5,PAN_QI,538,MORENA,293,PRI,175,525,175,11,26,20,293,14,4,16,4,9,0,0,9,0,0,0,0,25
QUERETARO,358,798,515,0.65,PAN_QI,275,MORENA,106,PRI,81,270,81,7,10,8,106,9,4,2,4,1,0,0,1,0,0,0,0,12
QUERETARO,359,"3,287","1,879",0.57,PAN_QI,980,MORENA,496,PRI,255,959,255,14,32,22,496,13,15,13,11,16,0,0,6,0,0,0,0,26
QUERETARO,360,"1,875",921,0.49,PAN_QI,319,MORENA,294,PRI,190,313,190,7,24,38,294,8,4,10,3,6,0,0,2,0,0,0,0,21
QUERETARO,361,991,509,0.51,PAN_QI,195,MORENA,171,PRI,78,182,78,7,18,5,171,7,7,2,8,3,0,0,6,0,0,0,0,14
QUERETARO,362,"1,035",511,0.49,PAN_QI,188,MORENA,175,PRI,73,174,73,14,12,11,175,8,8,6,4,1,0,0,6,0,0,0,0,19
QUERETARO,363,"1,227",537,0.44,PAN_QI,200,MORENA,171,PRI,102,189,102,8,17,11,171,5,7,9,4,0,0,0,4,0,0,0,0,10
QUERETARO,364,"1,663","1,121",0.67,PAN_QI,724,MORENA,170,PRI,149,718,149,4,17,9,170,11,3,5,9,9,0,0,3,0,0,0,0,14
QUERETARO,365,918,410,0.45,PAN_QI,164,MORENA,146,PRI,60,158,60,6,9,9,146,5,3,3,1,0,0,0,3,0,0,0,0,7
QUERETARO,366,606,318,0.52,PAN_QI,123,MORENA,100,PRI,57,117,57,3,7,1,100,7,1,2,6,2,0,0,5,0,0,0,0,9
QUERETARO,367,644,349,0.54,PAN_QI,167,MORENA,91,PRI,53,164,53,5,7,3,91,4,1,6,2,1,0,0,2,0,0,0,0,10
QUERETARO,368,"1,202",654,0.54,PAN_QI,283,MORENA,214,PRI,82,269,82,9,22,9,214,4,7,5,3,8,0,0,7,0,0,0,0,11
QUERETARO,369,958,674,0.7,PAN_QI,390,MORENA,133,PRI,85,383,85,5,14,15,133,4,4,2,5,1,0,0,3,0,0,0,0,20
QUERETARO,370,836,491,0.59,PAN_QI,259,MORENA,129,PRI,70,255,70,3,9,7,129,3,4,1,1,0,0,0,0,0,0,0,0,9
QUERETARO,371,911,505,0.55,PAN_QI,188,MORENA,182,PRI,81,184,81,11,11,4,182,4,1,2,10,2,0,0,3,0,0,0,0,10
QUERETARO,372,"1,974","1,123",0.57,PAN_QI,483,MORENA,306,PRI,211,469,211,16,37,13,306,10,9,8,8,7,0,0,5,0,0,0,0,24
QUERETARO,373,"1,959",953,0.49,PAN_QI,330,MORENA,301,PRI,219,323,219,9,21,10,301,5,5,9,9,4,0,0,2,0,0,0,0,36
QUERETARO,374,"1,071",758,0.71,PAN_QI,496,MORENA,127,PRI,82,486,82,7,14,8,127,8,6,0,4,1,0,0,4,0,0,0,0,10
QUERETARO,375,"1,378",889,0.65,PAN_QI,545,MORENA,167,PRI,105,542,105,11,11,14,167,7,2,2,7,6,0,0,1,0,0,0,0,14
QUERETARO,376,"1,280",618,0.48,PAN_QI,268,MORENA,189,PRI,86,260,86,7,20,11,189,7,7,2,4,3,0,0,1,0,0,0,0,21
QUERETARO,377,"1,188",614,0.52,PAN_QI,246,MORENA,178,PRI,102,240,102,7,19,17,178,8,3,7,3,6,0,0,3,0,0,0,0,20
QUERETARO,378,654,348,0.53,PAN_QI,143,MORENA,105,PRI,63,135,63,2,9,4,105,6,4,2,1,1,0,0,4,0,0,0,0,12
QUERETARO,379,814,512,0.63,PAN_QI,257,MORENA,138,PRI,73,253,73,3,6,10,138,5,3,1,4,3,0,0,1,0,0,0,0,12
QUERETARO,380,"1,299",740,0.57,PAN_QI,329,MORENA,210,PRI,115,319,115,10,23,13,210,8,7,4,5,5,0,0,3,0,0,0,0,18
QUERETARO,381,"3,437","1,812",0.53,PAN_QI,718,MORENA,564,PRI,340,700,340,24,40,40,564,18,13,10,11,18,0,0,5,0,0,0,0,28
QUERETARO,382,"1,296",852,0.66,PAN_QI,427,MORENA,224,PRI,124,420,124,12,20,11,224,5,4,3,9,2,0,0,3,0,0,0,0,14
QUERETARO,383,844,588,0.7,PAN_QI,320,MORENA,143,PRI,63,314,63,6,21,4,143,8,3,1,4,2,0,0,3,0,0,0,0,15
QUERETARO,384,769,438,0.57,PAN_QI,223,MORENA,106,PRI,66,219,66,3,13,5,106,2,4,1,7,4,0,0,0,0,0,0,0,7
QUERETARO,385,711,401,0.56,PAN_QI,168,MORENA,139,PRI,53,164,53,2,8,3,139,5,4,3,6,3,0,0,0,0,0,0,0,9
QUERETARO,386,"1,442",759,0.53,MORENA,301,PAN_QI,216,PRI,141,209,141,8,20,10,301,13,7,18,7,3,0,0,0,0,0,0,0,19
QUERETARO,387,"1,238",721,0.58,PAN_QI,292,MORENA,242,PRI,113,287,113,6,14,10,242,10,5,8,7,1,0,0,0,0,0,0,0,17
QUERETARO,388,"1,226",728,0.59,PAN_QI,326,MORENA,210,PRI,130,319,130,9,12,12,210,7,5,3,0,2,0,0,2,0,0,0,0,17
QUERETARO,389,"1,180",754,0.64,PAN_QI,517,MORENA,110,PRI,87,511,87,2,7,5,110,4,4,1,2,4,0,0,2,0,0,0,0,14
QUERETARO,390,626,373,0.6,PAN_QI,200,MORENA,85,PRI,43,196,43,3,11,5,85,6,0,4,6,3,0,0,4,0,0,0,0,7
QUERETARO,391,558,337,0.6,PAN_QI,161,MORENA,85,PRI,57,154,57,5,7,0,85,2,6,5,8,2,0,0,1,0,0,0,0,5
QUERETARO,392,"1,014",640,0.63,PAN_QI,313,MORENA,147,PRI,117,304,117,6,14,12,147,2,9,0,6,5,0,0,0,0,0,0,0,18
QUERETARO,393,"1,649","1,005",0.61,PAN_QI,546,MORENA,234,PRI,143,535,143,12,26,9,234,4,6,7,9,2,0,0,5,0,0,0,0,13
QUERETARO,394,"1,313",668,0.51,PAN_QI,250,MORENA,199,PRI,137,245,137,15,12,15,199,8,5,2,7,1,0,0,0,0,0,0,0,22
QUERETARO,395,"1,864",819,0.44,MORENA,293,PAN_QI,269,PRI,145,260,145,13,27,20,293,7,4,8,13,4,0,0,5,0,0,0,0,19
QUERETARO,396,"1,194",487,0.41,MORENA,206,PAN_QI,133,PRI,86,128,86,5,12,10,206,3,5,3,6,8,0,0,0,0,0,0,0,15
QUERETARO,397,"1,775",773,0.44,PAN_QI,298,MORENA,256,PRI,137,290,137,10,20,9,256,7,5,2,9,2,0,0,3,0,0,0,0,22
QUERETARO,398,611,333,0.55,PAN_QI,127,PRI,80,MORENA,77,124,80,8,10,3,77,8,3,5,4,2,0,0,0,0,0,0,0,9
QUERETARO,399,"1,018",573,0.56,PAN_QI,312,MORENA,115,PRI,86,300,86,7,17,9,115,6,8,3,1,5,0,0,4,0,0,0,0,10
QUERETARO,400,653,375,0.57,PAN_QI,173,MORENA,100,PRI,58,171,58,6,15,4,100,5,1,2,2,2,0,0,1,0,0,0,0,7
QUERETARO,401,883,582,0.66,PAN_QI,330,MORENA,120,PRI,79,325,79,10,19,6,120,2,5,0,1,2,0,0,0,0,0,0,0,12
QUERETARO,402,962,708,0.74,PAN_QI,460,MORENA,122,PRI,85,455,85,1,9,6,122,8,4,2,0,1,0,0,1,0,0,0,0,12
QUERETARO,403,"1,063",764,0.72,PAN_QI,503,MORENA,124,PRI,89,498,89,1,12,16,124,2,5,1,3,1,0,0,0,0,0,0,0,12
QUERETARO,404,"8,964","5,686",0.63,PAN_QI,"4,138",MORENA,728,PRI,593,"4,098",593,30,75,34,728,18,33,7,13,13,0,0,7,0,0,0,0,34
QUERETARO,405,892,673,0.75,PAN_QI,476,MORENA,96,PRI,64,471,64,2,11,15,96,0,3,0,0,3,0,0,2,0,0,0,0,6
QUERETARO,406,618,358,0.58,PAN_QI,171,MORENA,110,PRI,51,165,51,5,3,12,110,4,6,1,1,0,0,0,0,0,0,0,0,0
QUERETARO,407,"1,189",711,0.6,PAN_QI,347,MORENA,176,PRI,106,343,106,7,16,16,176,7,3,2,10,9,0,0,1,0,0,0,0,15
QUERETARO,408,"1,222",614,0.5,PAN_QI,223,MORENA,220,PRI,107,217,107,4,19,11,220,6,5,2,4,10,0,0,1,0,0,0,0,7
QUERETARO,409,379,228,0.6,PAN_QI,122,MORENA,47,PRI,36,118,36,2,4,3,47,4,4,1,1,1,0,0,0,0,0,0,0,7
QUERETARO,410,"1,019",618,0.61,PAN_QI,388,MORENA,124,PRI,61,383,61,7,18,8,124,3,4,1,1,2,0,0,1,0,0,0,0,4
QUERETARO,411,494,327,0.66,PAN_QI,199,MORENA,60,PRI,38,196,38,3,5,6,60,1,3,1,3,3,0,0,0,0,0,0,0,7
QUERETARO,412,606,356,0.59,PAN_QI,197,MORENA,64,PRI,62,191,62,3,13,3,64,4,5,1,2,1,0,0,1,0,0,0,0,6
QUERETARO,413,792,459,0.58,PAN_QI,251,MORENA,117,PRI,57,251,57,3,7,4,117,8,0,2,4,0,0,0,0,0,0,0,0,6
QUERETARO,414,751,443,0.59,PAN_QI,193,MORENA,122,PRI,86,192,86,4,15,7,122,5,1,0,3,1,0,0,0,0,0,0,0,7
QUERETARO,415,860,531,0.62,PAN_QI,283,MORENA,106,PRI,103,277,103,4,13,7,106,3,4,2,0,0,0,0,2,0,0,0,0,10
QUERETARO,416,"2,869","1,055",0.37,MORENA,372,PAN_QI,302,PRI,254,296,254,23,25,24,372,19,5,6,5,7,0,0,1,0,0,0,0,17
QUERETARO,417,790,506,0.64,PAN_QI,282,MORENA,118,PRI,69,278,69,4,9,8,118,6,2,3,2,1,0,0,2,0,0,0,0,3
QUERETARO,418,937,524,0.56,PAN_QI,272,MORENA,121,PRI,73,269,73,6,24,8,121,5,2,1,3,2,0,0,1,0,0,0,0,9
QUERETARO,419,614,331,0.54,PAN_QI,179,MORENA,68,PRI,44,175,44,2,8,8,68,4,2,3,3,5,0,0,2,0,0,0,0,7
QUERETARO,420,"1,086",801,0.74,PAN_QI,599,PRI,82,PRI,82,595,82,0,19,9,82,2,1,1,0,1,0,0,3,0,0,0,0,6
QUERETARO,421,"1,046",565,0.54,PAN_QI,228,MORENA,182,PRI,93,219,93,10,15,10,182,4,7,2,4,1,0,0,2,0,0,0,0,16
QUERETARO,422,951,503,0.53,PAN_QI,211,MORENA,160,PRI,81,209,81,4,14,8,160,4,2,2,5,5,0,0,0,0,0,0,0,9
QUERETARO,423,698,387,0.55,PAN_QI,169,MORENA,96,PRI,67,168,67,6,22,2,96,11,1,4,4,1,0,0,0,0,0,0,0,5
QUERETARO,424,765,429,0.56,PAN_QI,217,MORENA,100,PRI,68,211,68,1,7,7,100,9,5,3,1,2,0,0,1,0,0,0,0,9
QUERETARO,425,"1,009",611,0.61,PAN_QI,353,MORENA,146,PRI,63,345,63,4,7,11,146,7,6,1,4,2,0,0,2,0,0,0,0,13
QUERETARO,426,"1,229",676,0.55,PAN_QI,351,MORENA,176,PRI,81,347,81,11,11,7,176,8,1,2,2,7,0,0,3,0,0,0,0,20
QUERETARO,427,"3,867","2,420",0.63,PAN_QI,"1,502",MORENA,414,PRI,325,"1,480",325,19,53,31,414,18,15,6,9,11,0,0,7,0,0,0,0,29
QUERETARO,428,"1,005",619,0.62,PAN_QI,342,MORENA,134,PRI,89,335,89,6,15,2,134,10,4,2,1,4,0,0,3,0,0,0,0,13
QUERETARO,429,908,511,0.56,PAN_QI,243,MORENA,134,PRI,73,238,73,6,15,12,134,5,4,3,1,4,0,0,1,0,0,0,0,14
QUERETARO,430,"1,140",692,0.61,PAN_QI,340,MORENA,187,PRI,111,331,111,5,10,10,187,6,8,1,4,0,0,0,1,0,0,0,0,17
QUERETARO,431,799,395,0.49,PAN_QI,168,MORENA,121,PRI,57,167,57,6,12,7,121,6,1,4,5,2,0,0,0,0,0,0,0,7
QUERETARO,432,735,406,0.55,PAN_QI,187,MORENA,111,PRI,68,180,68,10,9,4,111,3,5,1,2,3,0,0,2,0,0,0,0,7
QUERETARO,433,728,366,0.5,PAN_QI,152,MORENA,120,PRI,52,147,52,8,7,15,120,4,5,0,2,0,0,0,0,0,0,0,0,6
QUERETARO,434,"1,027",504,0.49,PAN_QI,239,MORENA,118,PRI,93,234,93,8,12,5,118,10,2,1,5,5,0,0,3,0,0,0,0,7
QUERETARO,435,"6,936","3,842",0.55,PAN_QI,"2,177",MORENA,789,PRI,557,"2,139",557,63,72,40,789,26,32,14,16,24,0,0,6,0,0,0,0,64
QUERETARO,436,877,524,0.6,PAN_QI,286,MORENA,112,PRI,67,278,67,15,8,9,112,4,3,1,2,5,0,0,5,0,0,0,0,13
QUERETARO,437,"1,469",802,0.55,PAN_QI,410,MORENA,207,PRI,103,405,103,7,20,16,207,4,5,2,2,5,0,0,0,0,0,0,0,23
QUERETARO,438,796,435,0.55,PAN_QI,239,MORENA,87,PRI,77,227,77,3,7,7,87,3,9,3,0,1,0,0,3,0,0,0,0,8
QUERETARO,439,"1,145",700,0.61,PAN_QI,418,MORENA,123,PRI,87,413,87,12,19,9,123,6,3,0,6,7,0,0,2,0,0,0,0,12
QUERETARO,440,"1,315",852,0.65,PAN_QI,544,MORENA,169,PRI,85,531,85,11,14,13,169,1,7,3,4,1,0,0,6,0,0,0,0,7
QUERETARO,441,"1,343",972,0.72,PAN_QI,590,MORENA,179,PRI,144,581,144,11,14,9,179,12,9,0,5,0,0,0,0,0,0,0,0,8
QUERETARO,442,"1,273",815,0.64,PAN_QI,474,MORENA,177,PRI,109,468,109,5,17,7,177,5,5,6,2,4,0,0,1,0,0,0,0,9
QUERETARO,443,"1,238",749,0.61,PAN_QI,367,MORENA,175,PRI,121,358,121,11,26,9,175,7,6,2,12,5,0,0,3,0,0,0,0,14
QUERETARO,444,"1,308",810,0.62,PAN_QI,327,MORENA,257,PRI,132,320,132,18,36,5,257,6,5,6,3,4,0,0,2,0,0,0,0,16
QUERETARO,445,"1,515","1,014",0.67,PAN_QI,549,MORENA,223,PRI,146,532,146,7,23,14,223,11,11,1,3,13,0,0,6,0,0,0,0,23
QUERETARO,446,"1,438",910,0.63,PAN_QI,572,MORENA,156,PRI,105,564,105,13,19,13,156,9,4,6,4,1,0,0,4,0,0,0,0,11
QUERETARO,447,"1,075",590,0.55,PAN_QI,256,MORENA,174,PRI,96,253,96,5,17,5,174,6,2,6,2,2,0,0,1,0,0,0,0,21
QUERETARO,448,"1,356",793,0.58,PAN_QI,471,MORENA,156,PRI,102,465,102,5,21,9,156,9,4,0,9,1,0,0,2,0,0,0,0,10
QUERETARO,449,976,616,0.63,PAN_QI,345,MORENA,122,PRI,84,342,84,6,20,7,122,6,2,2,10,6,0,0,1,0,0,0,0,8
QUERETARO,450,"1,183",815,0.69,PAN_QI,467,MORENA,160,PRI,117,460,117,4,21,14,160,5,3,4,5,5,0,0,4,0,0,0,0,12
QUERETARO,451,835,557,0.67,PAN_QI,359,MORENA,97,PRI,66,356,66,3,11,8,97,2,1,0,1,3,0,0,2,0,0,0,0,7
QUERETARO,452,"1,298",694,0.53,PAN_QI,335,MORENA,166,PRI,121,324,121,7,15,12,166,5,10,12,4,2,0,0,1,0,0,0,0,15
QUERETARO,453,889,595,0.67,PAN_QI,409,MORENA,87,PRI,54,407,54,7,11,5,87,3,2,3,4,3,0,0,0,0,0,0,0,9
QUERETARO,454,"1,080",705,0.65,PAN_QI,490,MORENA,95,PRI,74,484,74,4,11,13,95,3,3,2,1,1,0,0,3,0,0,0,0,11
QUERETARO,455,"1,384",823,0.59,PAN_QI,365,MORENA,227,PRI,137,358,137,11,21,10,227,12,2,1,2,8,0,0,5,0,0,0,0,29
QUERETARO,456,"1,200",811,0.68,PAN_QI,519,MORENA,147,PRI,82,513,82,10,19,7,147,4,4,1,1,7,0,0,2,0,0,0,0,14
QUERETARO,457,"1,205",836,0.69,PAN_QI,529,MORENA,163,PRI,91,523,91,4,16,7,163,4,5,2,6,3,0,0,1,0,0,0,0,11
QUERETARO,458,"1,411",821,0.58,PAN_QI,370,MORENA,248,PRI,121,361,121,16,9,10,248,6,4,4,11,6,0,0,5,0,0,0,0,20
QUERETARO,459,908,630,0.69,PAN_QI,373,MORENA,122,PRI,84,367,84,7,15,5,122,5,5,4,0,3,0,0,1,0,0,0,0,12
QUERETARO,460,"1,123",800,0.71,PAN_QI,563,MORENA,102,PRI,77,554,77,4,22,12,102,4,5,2,0,4,0,0,4,0,0,0,0,9
QUERETARO,461,"1,156",586,0.51,PAN_QI,284,MORENA,158,PRI,78,272,78,5,19,11,158,11,7,5,1,2,0,0,5,0,0,0,0,10
QUERETARO,462,"1,065",495,0.46,PAN_QI,216,MORENA,132,PRI,95,214,95,11,9,4,132,3,2,2,3,3,0,0,0,0,0,0,0,17
QUERETARO,463,"1,441",941,0.65,PAN_QI,581,MORENA,192,PRI,113,577,113,2,12,10,192,10,4,5,5,1,0,0,0,0,0,0,0,10
QUERETARO,464,"1,141",690,0.6,PAN_QI,360,MORENA,152,PRI,107,348,107,5,14,12,152,7,7,2,10,9,0,0,5,0,0,0,0,12
QUERETARO,465,"1,213",670,0.55,PAN_QI,260,MORENA,205,PRI,108,253,108,14,16,15,205,6,4,4,5,9,0,0,3,0,0,0,0,28
QUERETARO,466,"2,067","1,689",0.82,PAN_QI,972,MORENA,342,PRI,231,919,231,15,29,25,342,14,46,4,19,9,0,0,7,0,0,0,0,28
QUERETARO,467,"1,110",612,0.55,PAN_QI,300,MORENA,138,PRI,116,294,116,9,9,9,138,5,5,4,4,6,0,0,1,0,0,0,0,12
QUERETARO,468,"1,343",869,0.65,PAN_QI,617,MORENA,116,PRI,81,613,81,3,11,9,116,7,0,2,6,4,0,0,4,0,0,0,0,11
QUERETARO,469,919,620,0.67,PAN_QI,414,MORENA,110,PRI,56,408,56,9,10,3,110,5,4,0,2,3,0,0,2,0,0,0,0,8
QUERETARO,470,"1,132",745,0.66,PAN_QI,440,MORENA,146,PRI,86,435,86,11,19,6,146,6,5,2,5,6,0,0,0,0,0,0,0,18
QUERETARO,471,997,448,0.45,PAN_QI,175,MORENA,130,PRI,75,172,75,8,16,13,130,3,3,3,5,3,0,0,0,0,0,0,0,17
QUERETARO,472,"1,285",600,0.47,PAN_QI,264,MORENA,153,PRI,110,264,110,11,14,13,153,2,0,5,2,1,0,0,0,0,0,0,0,24
QUERETARO,473,"1,022",535,0.52,PAN_QI,244,MORENA,150,PRI,71,244,71,8,17,13,150,3,0,1,7,8,0,0,0,0,0,0,0,12
QUERETARO,474,"1,123",735,0.65,PAN_QI,410,MORENA,167,PRI,94,400,94,2,18,14,167,5,7,5,1,5,0,0,3,0,0,0,0,12
QUERETARO,475,"5,998","3,468",0.58,PAN_QI,"1,971",MORENA,807,PRI,424,"1,935",424,46,68,25,807,20,24,13,27,13,0,0,12,0,0,0,0,52
QUERETARO,476,"1,118",736,0.66,PAN_QI,372,MORENA,173,PRI,123,365,123,9,11,9,173,9,4,3,10,2,0,0,3,0,0,0,0,14
QUERETARO,477,"1,524",675,0.44,PAN_QI,259,MORENA,216,PRI,105,249,105,15,13,16,216,6,9,5,5,13,0,0,1,0,0,0,0,22
QUERETARO,478,"1,117",511,0.46,PAN_QI,205,MORENA,135,PRI,102,197,102,5,10,7,135,4,4,5,8,4,0,0,4,0,0,0,0,25
QUERETARO,479,"1,354",649,0.48,PAN_QI,252,MORENA,191,PRI,126,249,126,16,15,15,191,4,3,3,2,4,0,0,0,0,0,0,0,21
QUERETARO,480,"1,503",653,0.43,PAN_QI,271,MORENA,211,PRI,93,263,93,7,24,11,211,3,8,3,7,8,0,0,0,0,0,0,0,15
QUERETARO,481,"2,416","1,515",0.63,PAN_QI,830,MORENA,376,PRI,172,822,172,15,51,25,376,3,7,7,10,8,0,0,1,0,0,0,0,18
QUERETARO,482,"1,098",730,0.66,PAN_QI,444,MORENA,148,PRI,77,437,77,7,16,4,148,7,4,1,3,8,0,0,3,0,0,0,0,15
QUERETARO,483,"4,364","2,867",0.66,PAN_QI,"1,856",MORENA,507,PRI,313,"1,822",313,29,58,24,507,30,28,5,12,6,0,0,6,0,0,0,0,26
QUERETARO,484,"1,133",799,0.71,PAN_QI,548,MORENA,130,PRI,69,547,69,1,12,9,130,3,1,3,2,3,0,0,0,0,0,0,0,19
QUERETARO,485,737,599,0.81,PAN_QI,458,PRI,61,MORENA,51,453,61,2,4,20,51,1,1,0,1,0,0,0,4,0,0,0,0,1
QUERETARO,486,"1,564",766,0.49,PAN_QI,283,MORENA,231,PRI,145,276,145,20,20,17,231,7,3,7,8,5,0,0,4,0,0,0,0,23
QUERETARO,487,"1,471",677,0.46,PAN_QI,250,MORENA,197,PRI,147,242,147,12,14,10,197,4,4,3,11,5,0,0,4,0,0,0,0,24
QUERETARO,488,"2,044",885,0.43,PAN_QI,323,MORENA,306,PRI,138,310,138,24,28,17,306,5,10,12,1,8,0,0,3,0,0,0,0,23
QUERETARO,489,"1,259",531,0.42,PAN_QI,185,MORENA,182,PRI,83,181,83,11,17,15,182,5,4,6,6,1,0,0,0,0,0,0,0,20
QUERETARO,490,"1,221",621,0.51,PAN_QI,228,MORENA,216,PRI,103,222,103,6,14,12,216,5,6,10,3,7,0,0,0,0,0,0,0,17
QUERETARO,491,"8,399","6,096",0.73,PAN_QI,"4,295",MORENA,803,PRI,672,"4,229",672,42,87,41,803,44,42,13,11,28,0,0,24,0,0,0,0,57
QUERETARO,492,"2,634","1,266",0.48,PAN_QI,479,MORENA,433,PRI,197,464,197,20,37,20,433,19,14,4,9,8,0,0,1,0,0,0,0,36
QUERETARO,493,"1,408",674,0.48,PAN_QI,248,MORENA,219,PRI,115,242,115,10,31,10,219,11,2,2,12,3,0,0,4,0,0,0,0,13
QUERETARO,494,"1,570",680,0.43,MORENA,222,PAN_QI,220,PRI,140,214,140,12,18,11,222,3,6,4,26,4,0,0,0,0,0,0,0,18
QUERETARO,495,"4,160","1,817",0.44,PAN_QI,627,MORENA,612,PRI,290,609,290,71,44,41,612,21,11,17,29,9,0,0,7,0,0,0,0,54
QUERETARO,496,"1,649",700,0.42,PAN_QI,281,MORENA,218,PRI,105,273,105,14,18,14,218,6,7,5,11,5,0,0,1,0,0,0,0,23
QUERETARO,497,"1,502",654,0.44,PAN_QI,261,MORENA,199,PRI,132,250,132,11,8,10,199,7,10,1,4,1,0,0,1,0,0,0,0,20
QUERETARO,498,"1,489",668,0.45,PAN_QI,240,MORENA,213,PRI,124,236,124,15,12,11,213,3,4,4,7,3,0,0,0,0,0,0,0,35
QUERETARO,499,"1,291",592,0.46,PAN_QI,236,MORENA,196,PRI,84,232,84,7,17,13,196,9,2,5,6,7,0,0,2,0,0,0,0,12
QUERETARO,500,"1,820",796,0.44,PAN_QI,272,MORENA,237,PRI,187,269,187,15,22,19,237,4,3,5,4,1,0,0,0,0,0,0,0,28
QUERETARO,501,"1,640",711,0.43,PAN_QI,278,MORENA,238,PRI,112,273,112,8,23,10,238,8,4,0,8,5,0,0,1,0,0,0,0,20
QUERETARO,502,"1,477",761,0.52,PAN_QI,515,MORENA,85,PRI,80,511,80,5,13,35,85,5,2,3,5,3,0,0,2,0,0,0,0,11
QUERETARO,503,"1,676",712,0.42,PAN_QI,251,MORENA,220,PRI,125,243,125,15,22,17,220,7,6,4,8,6,0,0,2,0,0,0,0,37
QUERETARO,504,"1,659",735,0.44,PAN_QI,299,MORENA,214,PRI,139,294,139,13,18,6,214,8,3,8,5,5,0,0,2,0,0,0,0,20
QUERETARO,505,"1,544",672,0.44,PAN_QI,279,MORENA,191,PRI,122,265,122,13,11,15,191,10,6,3,5,6,0,0,8,0,0,0,0,17
QUERETARO,506,"1,424",745,0.52,PAN_QI,300,MORENA,231,PRI,120,296,120,17,16,14,231,7,3,2,13,5,0,0,1,0,0,0,0,20
QUERETARO,507,"1,524",801,0.53,PAN_QI,308,MORENA,270,PRI,137,293,137,13,24,13,270,7,10,6,5,3,0,0,5,0,0,0,0,15
QUERETARO,508,"2,125","1,064",0.5,PAN_QI,446,MORENA,331,PRI,173,430,173,13,24,19,331,11,12,2,5,6,0,0,4,0,0,0,0,33
QUERETARO,509,"1,489",745,0.5,PAN_QI,296,MORENA,231,PRI,141,285,141,27,12,12,231,4,7,5,4,0,0,0,4,0,0,0,0,12
QUERETARO,510,"2,296","1,054",0.46,PAN_QI,371,MORENA,321,PRI,182,360,182,48,28,20,321,5,7,8,13,8,0,0,4,0,0,0,0,48
QUERETARO,511,"2,224",869,0.39,PAN_QI,313,MORENA,280,PRI,137,299,137,18,27,33,280,4,7,3,9,4,0,0,7,0,0,0,0,41
QUERETARO,512,"1,708",658,0.39,PAN_QI,252,MORENA,192,PRI,127,240,127,10,19,11,192,9,7,7,2,9,0,0,5,0,0,0,0,20
QUERETARO,513,"7,883","3,254",0.41,PAN_QI,"1,332",MORENA,"1,026",PRI,497,"1,288",497,84,86,61,"1,026",24,28,16,25,17,0,0,16,0,0,0,0,84
QUERETARO,514,"4,816","2,120",0.44,PAN_QI,891,MORENA,653,PRI,342,871,342,29,49,35,653,23,11,15,16,9,0,0,9,0,0,0,0,55
QUERETARO,515,"3,795","2,095",0.55,PAN_QI,"1,073",MORENA,518,PRI,308,"1,050",308,54,46,25,518,17,18,6,14,5,0,0,5,0,0,0,0,28
QUERETARO,516,"2,152",555,0.26,PRI,222,PAN_QI,165,MORENA,110,162,222,10,5,5,110,1,2,11,2,1,0,0,1,0,0,0,0,23
QUERETARO,518,"3,398","1,291",0.38,PAN_QI,453,MORENA,370,PRI,275,442,275,21,26,21,370,9,10,49,12,18,0,0,1,0,0,0,0,37
QUERETARO,519,"2,646",851,0.32,PAN_QI,299,PRI,260,MORENA,152,294,260,15,11,40,152,6,3,5,3,6,0,0,2,0,0,0,0,37
QUERETARO,520,"1,584",689,0.43,PRI,207,PAN_QI,200,MORENA,161,198,207,18,22,13,161,7,2,10,8,10,0,0,0,0,0,0,0,33
QUERETARO,521,"1,198",476,0.4,PAN_QI,210,PRI,151,MORENA,65,206,151,5,10,5,65,2,2,5,2,4,0,0,2,0,0,0,0,17
QUERETARO,522,"3,817","1,728",0.45,MORENA,617,PAN_QI,500,PRI,412,487,412,19,30,28,617,15,6,21,15,14,0,0,7,0,0,0,0,53
QUERETARO,523,"1,588",714,0.45,PAN_QI,237,PRI,181,MORENA,178,233,181,15,11,17,178,4,2,3,6,19,0,0,2,0,0,0,0,43
QUERETARO,524,"2,270",983,0.43,PAN_QI,395,MORENA,263,PRI,148,327,148,15,20,19,263,7,9,7,11,36,0,0,59,0,0,0,0,62
QUERETARO,525,"2,199",985,0.45,MORENA,464,PAN_QI,288,PRI,117,278,117,11,17,25,464,8,8,6,20,4,0,0,2,0,0,0,0,24
QUERETARO,526,"2,163",840,0.39,MORENA,305,PAN_QI,254,PRI,167,241,167,11,19,18,305,6,9,13,14,7,0,0,4,0,0,0,0,26
QUERETARO,527,"5,285","1,834",0.35,PAN_QI,786,PRI,478,MORENA,294,766,478,11,39,33,294,9,13,17,12,45,0,0,7,0,0,0,0,110
QUERETARO,528,"1,686",791,0.47,PAN_QI,330,MORENA,261,PRI,124,323,124,8,12,9,261,3,7,9,3,10,0,0,0,0,0,0,0,22
QUERETARO,529,"9,063","3,162",0.35,PAN_QI,"1,078",MORENA,"1,004",PRI,676,946,676,64,77,66,"1,004",29,33,18,21,27,0,0,99,0,0,0,0,101
QUERETARO,530,"1,484",518,0.35,PAN_QI,300,PRI,84,MORENA,48,290,84,5,1,11,48,1,6,7,15,7,0,0,4,0,0,0,0,39
QUERETARO,531,"2,604",999,0.38,PAN_QI,350,MORENA,340,PRI,174,343,174,13,23,29,340,7,6,10,16,8,0,0,1,0,0,0,0,29
QUERETARO,532,"2,115",801,0.38,PAN_QI,297,MORENA,258,PRI,133,288,133,22,25,13,258,9,9,12,7,8,0,0,0,0,0,0,0,17
QUERETARO,533,"1,907",764,0.4,MORENA,257,PAN_QI,227,PRI,164,219,164,15,18,17,257,10,7,15,4,9,0,0,1,0,0,0,0,28
QUERETARO,534,"1,840",780,0.42,PAN_QI,308,MORENA,184,PRI,176,299,176,10,30,19,184,6,5,6,5,10,0,0,4,0,0,0,0,25
QUERETARO,535,"1,033",487,0.47,MORENA,160,PAN_QI,154,PRI,118,150,118,10,7,12,160,6,1,2,0,6,0,0,3,0,0,0,0,12
QUERETARO,536,"2,824","1,032",0.37,MORENA,381,PAN_QI,286,PRI,231,279,231,18,24,25,381,6,7,6,9,11,0,0,0,0,0,0,0,34
QUERETARO,537,"2,516",892,0.35,MORENA,306,PAN_QI,269,PRI,166,256,166,13,36,24,306,6,11,5,18,11,0,0,2,0,0,0,0,37
QUERETARO,538,"1,938","1,254",0.65,PAN_QI,609,MORENA,296,PRI,214,549,214,13,27,18,296,12,52,2,17,9,0,0,8,0,0,0,0,36
QUERETARO,539,"4,473","1,236",0.28,PAN_QI,677,PRI,203,MORENA,162,663,203,34,26,36,162,6,8,10,29,6,0,0,6,0,0,0,0,47
QUERETARO,540,"2,818","1,196",0.42,PAN_QI,677,PRI,232,MORENA,167,661,232,8,11,8,167,3,7,8,22,12,0,0,9,0,0,0,0,48
QUERETARO,542,"1,908",927,0.49,PAN_QI,358,MORENA,348,PRI,114,349,114,12,13,22,348,10,9,24,5,3,0,0,0,0,0,0,0,18
QUERETARO,543,"1,697",628,0.37,PRI,277,PAN_QI,228,MORENA,36,222,277,6,5,23,36,11,5,2,7,0,0,0,1,0,0,0,0,33
QUERETARO,544,"2,318","1,064",0.46,MORENA,340,PRI,319,PAN_QI,246,237,319,15,16,38,340,7,7,5,34,8,0,0,2,0,0,0,0,36
QUERETARO,545,"7,657","2,095",0.27,MORENA,814,PAN_QI,712,PRI,368,689,368,31,43,30,814,13,15,12,14,15,0,0,8,0,0,0,0,40
QUERETARO,546,"2,729","1,163",0.43,MORENA,346,PAN_QI,340,PRI,288,325,288,20,25,77,346,4,8,7,12,9,0,0,7,0,0,0,0,34
QUERETARO,547,"2,479",964,0.39,PAN_QI,310,PRI,279,MORENA,263,304,279,11,19,39,263,4,5,4,17,7,0,0,1,0,0,0,0,10
QUERETARO,548,"3,576","2,246",0.63,PAN_QI,"1,346",MORENA,475,PRI,246,"1,106",246,20,33,55,475,11,27,5,10,6,0,0,213,0,0,0,0,38
QUERETARO,549,"4,725","1,830",0.39,PAN_QI,636,MORENA,601,PRI,408,620,408,28,36,22,601,9,8,13,20,12,0,0,8,0,0,0,0,43
QUERETARO,550,"6,732","4,351",0.65,PAN_QI,"3,098",MORENA,588,PRI,447,"3,073",447,27,71,23,588,23,22,6,7,12,0,0,3,0,0,0,0,47
QUERETARO,552,"6,253","2,494",0.4,PAN_QI,906,MORENA,816,PRI,508,880,508,27,54,54,816,15,18,15,20,9,0,0,8,0,0,0,0,68
QUERETARO,553,"16,458","7,625",0.46,PAN_QI,"4,036",MORENA,"1,832",PRI,"1,145","3,954","1,145",91,159,103,"1,832",45,54,36,34,37,0,0,28,0,0,0,0,102
QUERETARO,554,564,212,0.38,PAN_QI,95,MORENA,65,PRI,26,92,26,2,4,4,65,2,1,2,2,3,0,0,2,0,0,0,0,7
EL MARQUES,555,"1,353",780,0.58,PAN,430,MORENA,136,PRI,119,430,119,11,0,15,136,16,9,3,4,16,0,0,0,0,0,0,0,21
SAN JOAQUIN,556,"1,058",705,0.67,PVEM,370,JECT,131,PAN_QI,129,123,4,0,0,370,50,0,3,0,0,0,0,0,3,0,0,0,0,20
SAN JOAQUIN,557,"2,701","1,711",0.63,PVEM,765,JECT,433,PAN_QI,309,294,13,0,0,765,130,0,5,0,0,0,0,0,10,0,0,0,0,61
SAN JOAQUIN,558,"1,407",717,0.51,PVEM,311,PAN_QI,253,JECT,81,242,6,0,0,311,19,0,3,0,0,0,0,0,8,0,0,0,0,47
SAN JOAQUIN,559,400,236,0.59,PVEM,125,PAN_QI,48,JECT,33,47,8,0,0,125,6,0,1,0,0,0,0,0,0,0,0,0,0,16
SAN JOAQUIN,560,986,545,0.55,PVEM,205,PAN_QI,193,MORENA,77,183,14,0,0,205,77,0,5,0,0,0,0,0,5,0,0,0,0,16
SAN JOAQUIN,561,272,163,0.6,PVEM,63,MORENA,44,PAN_QI,24,23,3,0,0,63,44,0,1,0,0,0,0,0,0,0,0,0,0,12
SAN JOAQUIN,562,270,199,0.74,PVEM,116,PAN_QI,50,JECT,21,45,2,0,0,116,10,0,1,0,0,0,0,0,4,0,0,0,0,0
SAN JUAN DEL RIO,563,"1,903",873,0.46,MORENA,290,PRI,223,PAN,218,218,223,7,11,17,290,0,39,9,12,25,0,0,0,0,0,0,0,22
SAN JUAN DEL RIO,564,"3,144","1,304",0.41,PAN,444,MORENA,412,PRI,229,444,229,12,30,28,412,0,67,11,21,32,0,0,0,0,0,0,0,18
SAN JUAN DEL RIO,565,"10,271","4,137",0.4,PAN,"1,976",MORENA,943,PRI,498,"1,976",498,50,86,62,943,0,246,56,58,82,0,0,0,0,0,0,0,75
SAN JUAN DEL RIO,567,"2,084","1,518",0.73,PAN,772,MORENA,278,PRI,224,772,224,13,18,11,278,0,102,12,18,29,0,0,0,0,0,0,0,37
SAN JUAN DEL RIO,568,"2,411","1,271",0.53,PAN,562,MORENA,289,PRI,141,562,141,18,41,15,289,0,122,11,21,27,0,0,0,0,0,0,0,24
SAN JUAN DEL RIO,569,987,573,0.58,PAN,249,MORENA,116,QI,73,249,59,10,17,11,116,0,73,1,10,14,0,0,0,0,0,0,0,13
SAN JUAN DEL RIO,570,"2,210","1,156",0.52,PAN,624,MORENA,205,PRI,150,624,150,11,22,15,205,0,55,17,14,21,0,0,0,0,0,0,0,22
SAN JUAN DEL RIO,571,"2,768","1,577",0.57,PAN,743,MORENA,304,PRI,254,743,254,25,41,13,304,0,99,13,32,33,0,0,0,0,0,0,0,20
SAN JUAN DEL RIO,572,"1,175",750,0.64,PAN,393,PRI,140,MORENA,105,393,140,7,40,12,105,0,21,3,5,17,0,0,0,0,0,0,0,7
SAN JUAN DEL RIO,573,"1,188",740,0.62,PAN,416,MORENA,111,PRI,100,416,100,9,30,5,111,0,26,4,9,18,0,0,0,0,0,0,0,11
SAN JUAN DEL RIO,574,"1,853",924,0.5,PAN,436,MORENA,191,PRI,104,436,104,15,15,19,191,0,84,5,15,22,0,0,0,0,0,0,0,18
SAN JUAN DEL RIO,575,"1,192",534,0.45,PAN,213,MORENA,135,PRI,80,213,80,4,15,9,135,0,45,3,10,4,0,0,0,0,0,0,0,16
SAN JUAN DEL RIO,576,"1,399",719,0.51,PAN,319,MORENA,140,PRI,124,319,124,11,20,14,140,0,59,0,8,12,0,0,0,0,0,0,0,12
SAN JUAN DEL RIO,577,"1,025",621,0.61,PAN,290,PRI,120,MORENA,103,290,120,5,8,7,103,0,61,0,8,8,0,0,0,0,0,0,0,10
SAN JUAN DEL RIO,578,800,458,0.57,PAN,193,PRI,88,MORENA,75,193,88,6,34,3,75,0,28,6,3,15,0,0,0,0,0,0,0,5
SAN JUAN DEL RIO,579,"1,017",639,0.63,PAN,288,PRI,139,MORENA,94,288,139,10,28,9,94,0,24,4,12,16,0,0,0,0,0,0,0,15
SAN JUAN DEL RIO,580,"1,344",833,0.62,PAN,397,PRI,182,MORENA,140,397,182,10,11,8,140,0,37,2,12,23,0,0,0,0,0,0,0,11
SAN JUAN DEL RIO,581,754,429,0.57,PAN,176,PRI,92,MORENA,73,176,92,5,18,7,73,0,34,0,6,14,0,0,0,0,0,0,0,2
SAN JUAN DEL RIO,582,914,488,0.53,PAN,179,MORENA,115,PRI,78,179,78,2,9,12,115,0,57,0,11,12,0,0,0,0,0,0,0,12
SAN JUAN DEL RIO,583,"1,776",868,0.49,PAN,384,MORENA,215,QI,83,384,73,30,19,20,215,0,83,6,10,16,0,0,0,0,0,0,0,11
SAN JUAN DEL RIO,584,"4,872","2,417",0.5,PAN,"1,068",MORENA,668,PRI,245,"1,068",245,35,39,38,668,0,187,14,25,62,0,0,0,0,0,0,0,35
SAN JUAN DEL RIO,585,"6,620","2,606",0.39,PAN,999,MORENA,771,QI,254,999,250,43,47,80,771,0,254,19,31,57,0,0,0,0,0,0,0,54
SAN JUAN DEL RIO,586,"8,108","3,253",0.4,PAN,"1,420",MORENA,"1,016",PRI,251,"1,420",251,44,61,60,"1,016",0,217,18,42,67,0,0,0,0,0,0,0,56
SAN JUAN DEL RIO,587,"1,138",518,0.46,PAN,190,MORENA,151,PRI,80,190,80,2,7,12,151,0,50,2,5,6,0,0,0,0,0,0,0,12
SAN JUAN DEL RIO,588,858,488,0.57,PAN,222,MORENA,109,PRI,76,222,76,3,14,2,109,0,36,6,7,9,0,0,0,0,0,0,0,4
SAN JUAN DEL RIO,589,"1,162",624,0.54,PAN,292,MORENA,121,QI,89,292,66,5,6,7,121,0,89,1,7,16,0,0,0,0,0,0,0,14
SAN JUAN DEL RIO,590,"1,349",751,0.56,PAN,355,MORENA,143,PRI,100,355,100,9,15,15,143,0,81,2,6,16,0,0,0,0,0,0,0,9
SAN JUAN DEL RIO,591,"1,362",860,0.63,PAN,431,PRI,194,MORENA,120,431,194,13,27,5,120,0,25,1,6,27,0,0,0,0,0,0,0,11
SAN JUAN DEL RIO,592,"1,019",533,0.52,PAN,215,MORENA,105,QI,76,215,64,9,18,10,105,0,76,0,8,16,0,0,0,0,0,0,0,12
SAN JUAN DEL RIO,593,"1,022",488,0.48,PAN,169,MORENA,113,PRI,82,169,82,6,8,14,113,0,70,3,8,3,0,0,0,0,0,0,0,12
SAN JUAN DEL RIO,594,"1,071",522,0.49,PAN,172,MORENA,139,QI,83,172,63,6,13,11,139,0,83,6,9,5,0,0,0,0,0,0,0,15
SAN JUAN DEL RIO,595,"4,894","2,233",0.46,PAN,931,MORENA,538,PRI,260,931,260,27,45,62,538,0,240,13,25,43,0,0,0,0,0,0,0,47
SAN JUAN DEL RIO,596,879,408,0.46,PAN,165,MORENA,102,PRI,49,165,49,8,4,7,102,0,45,3,4,6,0,0,0,0,0,0,0,15
SAN JUAN DEL RIO,597,783,442,0.56,PAN,211,MORENA,104,PRI,43,211,43,9,5,7,104,0,36,2,4,4,0,0,0,0,0,0,0,15
SAN JUAN DEL RIO,598,"1,224",643,0.53,PAN,287,MORENA,172,PRI,63,287,63,11,9,15,172,0,41,8,6,17,0,0,0,0,0,0,0,14
SAN JUAN DEL RIO,599,"6,165","2,548",0.41,PAN,"1,044",MORENA,744,PRI,252,"1,044",252,27,46,76,744,0,190,14,32,59,0,0,0,0,0,0,0,64
SAN JUAN DEL RIO,600,"2,137","1,013",0.47,PAN,397,MORENA,278,PRI,128,397,128,13,20,19,278,0,107,6,16,22,0,0,0,0,0,0,0,7
SAN JUAN DEL RIO,601,913,514,0.56,PAN,202,MORENA,134,PRI,92,202,92,10,7,4,134,0,30,4,2,16,0,0,0,0,0,0,0,13
SAN JUAN DEL RIO,602,"1,064",533,0.5,PAN,222,MORENA,109,PRI,69,222,69,5,12,12,109,0,66,3,9,15,0,0,0,0,0,0,0,11
SAN JUAN DEL RIO,603,"1,069",479,0.45,PAN,167,MORENA,104,PRI,84,167,84,5,10,8,104,0,63,1,7,13,0,0,0,0,0,0,0,16
SAN JUAN DEL RIO,604,"1,011",616,0.61,PAN,263,PRI,147,MORENA,98,263,147,6,14,3,98,0,36,1,14,25,0,0,0,0,0,0,0,8
SAN JUAN DEL RIO,605,"2,698","1,255",0.47,PAN,497,MORENA,269,PRI,216,497,216,12,27,91,269,0,77,7,12,18,0,0,0,0,0,0,0,28
SAN JUAN DEL RIO,606,"1,718","1,177",0.69,PAN,550,MORENA,217,PRI,175,550,175,19,21,17,217,0,111,5,16,24,0,0,0,0,0,0,0,22
SAN JUAN DEL RIO,607,"3,010","1,252",0.42,PAN,459,MORENA,316,PRI,203,459,203,17,23,47,316,0,101,10,14,19,0,0,0,0,0,0,0,43
SAN JUAN DEL RIO,608,"2,849","1,455",0.51,PAN,856,MORENA,262,PRI,160,856,160,6,4,18,262,0,7,60,19,30,0,0,0,0,0,0,0,33
SAN JUAN DEL RIO,609,"2,083","1,096",0.53,PAN,624,PRI,164,MORENA,155,624,164,3,9,8,155,0,11,50,9,35,0,0,0,0,0,0,0,28
SAN JUAN DEL RIO,610,"1,372",703,0.51,PAN,309,MORENA,193,PRI,98,309,98,9,7,9,193,0,22,18,8,15,0,0,0,0,0,0,0,15
SAN JUAN DEL RIO,611,"2,754","1,239",0.45,PAN,559,PRI,276,MORENA,226,559,276,6,14,17,226,0,35,24,15,23,0,0,0,0,0,0,0,44
SAN JUAN DEL RIO,612,"2,539","1,046",0.41,PAN,462,MORENA,282,PRI,150,462,150,7,11,28,282,0,31,33,8,5,0,0,0,0,0,0,0,29
SAN JUAN DEL RIO,613,"2,765","1,079",0.39,PAN,413,MORENA,277,PRI,145,413,145,10,18,36,277,0,40,84,20,10,0,0,0,0,0,0,0,26
SAN JUAN DEL RIO,614,"4,685","1,815",0.39,PAN,662,MORENA,641,PRI,260,662,260,19,22,34,641,0,60,27,18,24,0,0,0,0,0,0,0,48
SAN JUAN DEL RIO,615,"2,978","1,000",0.34,PAN,645,PRI,136,MORENA,107,645,136,7,5,11,107,0,14,15,10,12,0,0,0,0,0,0,0,38
SAN JUAN DEL RIO,616,"2,716","1,635",0.6,PAN,945,MORENA,346,PRI,170,945,170,9,20,12,346,0,33,21,8,35,0,0,0,0,0,0,0,35
SAN JUAN DEL RIO,618,"1,769",789,0.45,PAN,284,MORENA,267,PRI,96,284,96,7,10,14,267,0,38,27,16,14,0,0,0,0,0,0,0,15
SAN JUAN DEL RIO,619,"3,566","1,576",0.44,PAN,675,MORENA,481,PRI,125,675,125,18,19,19,481,0,121,28,22,20,0,0,0,0,0,0,0,48
SAN JUAN DEL RIO,620,"3,105","1,221",0.39,PAN,662,MORENA,190,PRI,161,662,161,5,15,28,190,0,17,35,34,25,0,0,0,0,0,0,0,49
SAN JUAN DEL RIO,621,"1,576",731,0.46,PAN,500,PRI,117,MORENA,45,500,117,4,0,26,45,0,3,2,8,3,0,0,0,0,0,0,0,23
SAN JUAN DEL RIO,622,"2,594","1,084",0.42,PAN,577,MORENA,214,PRI,101,577,101,12,15,21,214,0,25,29,12,34,0,0,0,0,0,0,0,44
SAN JUAN DEL RIO,624,"6,218","2,659",0.43,PAN,"1,066",MORENA,639,PRI,341,"1,066",341,39,37,47,639,0,261,48,48,45,0,0,0,0,0,0,0,86
SAN JUAN DEL RIO,625,"1,738",588,0.34,PAN,302,MORENA,119,PRI,78,302,78,4,10,24,119,0,12,7,9,10,0,0,0,0,0,0,0,13
SAN JUAN DEL RIO,626,"1,793",854,0.48,PAN,402,MORENA,174,PRI,125,402,125,10,8,26,174,0,13,14,25,33,0,0,0,0,0,0,0,24
SAN JUAN DEL RIO,627,"11,504","3,457",0.3,PAN,"1,454",MORENA,"1,129",PRI,279,"1,454",279,34,25,82,"1,129",0,248,26,45,58,0,0,0,0,0,0,0,76
SAN JUAN DEL RIO,628,725,261,0.36,PAN,196,PRI,27,MORENA,19,196,27,1,1,4,19,0,1,1,1,0,0,0,0,0,0,0,0,10
SAN JUAN DEL RIO,629,"1,981",726,0.37,PRI,277,PAN,233,MORENA,70,233,277,8,8,9,70,0,13,38,11,18,0,0,0,0,0,0,0,41
SAN JUAN DEL RIO,630,"1,801",855,0.47,PAN,398,MORENA,188,PRI,140,398,140,10,10,35,188,0,12,10,4,12,0,0,0,0,0,0,0,36
SAN JUAN DEL RIO,631,"1,379",677,0.49,PAN,336,PRI,131,MORENA,103,336,131,8,8,22,103,0,10,13,21,2,0,0,0,0,0,0,0,23
SAN JUAN DEL RIO,632,"4,604","1,887",0.41,PAN,715,MORENA,487,PRI,283,715,283,14,28,80,487,0,143,21,32,23,0,0,0,0,0,0,0,61
SAN JUAN DEL RIO,633,"1,797",742,0.41,PAN,185,MORENA,165,PRI,154,185,154,2,16,119,165,0,42,10,8,24,0,0,0,0,0,0,0,17
SAN JUAN DEL RIO,634,"2,208",970,0.44,PAN,245,PRI,215,MORENA,207,245,215,9,9,171,207,0,54,12,2,17,0,0,0,0,0,0,0,29
SAN JUAN DEL RIO,635,"2,224","1,197",0.54,PAN,483,PRI,367,MORENA,89,483,367,62,20,41,89,0,64,5,4,19,0,0,0,0,0,0,0,42
SAN JUAN DEL RIO,636,"1,422",719,0.51,PAN,336,PRI,147,MORENA,104,336,147,7,8,10,104,0,24,33,17,14,0,0,0,0,0,0,0,19
SAN JUAN DEL RIO,637,"2,073",951,0.46,PAN,469,MORENA,173,PRI,162,469,162,4,13,36,173,0,27,31,9,12,0,0,0,0,0,0,0,15
SAN JUAN DEL RIO,638,"1,837",838,0.46,PAN,291,PRI,193,MORENA,159,291,193,4,7,96,159,0,26,10,9,26,0,0,0,0,0,0,0,17
SAN JUAN DEL RIO,639,"2,709","1,321",0.49,PAN,527,PRI,409,MORENA,218,527,409,11,17,45,218,0,18,15,11,10,0,0,0,0,0,0,0,40
SAN JUAN DEL RIO,640,"2,829","1,299",0.46,PAN,750,MORENA,262,PRI,154,750,154,18,16,21,262,0,24,20,5,4,0,0,0,0,0,0,0,25
SAN JUAN DEL RIO,641,"2,351","1,130",0.48,PAN,486,PRI,305,MORENA,166,486,305,5,9,36,166,0,51,5,19,20,0,0,0,0,0,0,0,27
SAN JUAN DEL RIO,642,"2,861","1,182",0.41,PAN,637,MORENA,212,PRI,186,637,186,4,10,33,212,0,21,6,15,30,0,0,0,0,0,0,0,28
SAN JUAN DEL RIO,643,"1,212",635,0.52,PRI,302,PAN,161,MORENA,115,161,302,5,3,11,115,0,7,7,5,3,0,0,0,0,0,0,0,16
TEQUISQUIAPAN,644,699,528,0.76,JAML,203,PAN,174,PRI,61,174,61,15,0,13,44,0,4,0,1,5,0,0,0,0,0,0,0,4
TEQUISQUIAPAN,645,"1,776","1,091",0.61,JAML,336,PRI,183,MORENA,174,156,183,98,0,25,174,0,13,1,52,11,0,0,0,0,0,0,0,17
TEQUISQUIAPAN,646,"2,078","1,355",0.65,JAML,272,PRI,248,PRD,204,178,248,204,0,45,202,0,14,6,82,18,0,0,0,0,0,0,0,25
TEQUISQUIAPAN,647,"2,431","1,525",0.63,JAML,339,MORENA,266,PRI,243,228,243,238,0,13,266,0,8,5,127,7,0,0,0,0,0,0,0,32
TEQUISQUIAPAN,648,"2,902","1,737",0.6,JAML,392,PRI,353,MORENA,331,187,353,135,0,22,331,0,7,11,210,15,0,0,0,0,0,0,0,49
TEQUISQUIAPAN,649,"1,247",792,0.64,JAML,188,PRI,170,MORENA,115,87,170,72,0,23,115,0,5,1,90,4,0,0,0,0,0,0,0,25
TEQUISQUIAPAN,650,"1,436",900,0.63,JAML,257,PRI,202,MORENA,177,92,202,58,0,10,177,0,4,6,53,6,0,0,0,0,0,0,0,18
TEQUISQUIAPAN,651,"1,202",763,0.63,JAML,207,PRI,147,MORENA,131,92,147,91,0,9,131,0,2,4,48,7,0,0,0,0,0,0,0,17
TEQUISQUIAPAN,652,419,276,0.66,JAML,93,PAN,58,MORENA,41,58,31,28,0,5,41,0,3,0,8,2,0,0,0,0,0,0,0,3
TEQUISQUIAPAN,653,"1,587",990,0.62,JAML,251,PAN,160,MORENA,155,160,144,137,0,19,155,0,6,7,63,7,0,0,0,0,0,0,0,24
TEQUISQUIAPAN,654,"1,428",903,0.63,JAML,199,MORENA,166,PAN,150,150,132,119,0,16,166,0,3,2,66,20,0,0,0,0,0,0,0,22
TEQUISQUIAPAN,655,715,443,0.62,JAML,139,PRI,82,MORENA,60,57,82,43,0,2,60,0,2,1,43,1,0,0,0,0,0,0,0,13
TEQUISQUIAPAN,656,"2,221","1,420",0.64,JAML,395,PRI,287,MORENA,240,227,287,94,0,42,240,0,11,4,75,12,0,0,0,0,0,0,0,25
TEQUISQUIAPAN,657,"1,479",914,0.62,JAML,245,MORENA,200,PAN,164,164,106,79,0,14,200,0,6,5,55,24,0,0,0,0,0,0,0,11
TEQUISQUIAPAN,658,"2,105","1,293",0.61,JAML,371,MORENA,240,PAN,167,167,139,162,0,18,240,0,10,3,108,16,0,0,0,0,0,0,0,35
TEQUISQUIAPAN,659,"3,585","2,102",0.59,MORENA,586,JAML,414,PRD,303,240,239,303,0,30,586,0,16,10,162,17,0,0,0,0,0,0,0,63
TEQUISQUIAPAN,660,"2,205","1,307",0.59,RSP,382,PRI,285,PAN,183,183,285,146,0,20,93,0,4,7,382,7,0,0,0,0,0,0,0,37
TEQUISQUIAPAN,661,"1,767","1,007",0.57,PRD,244,PRI,195,RSP,176,119,195,244,0,11,93,0,14,3,176,37,0,0,0,0,0,0,0,31
TEQUISQUIAPAN,662,"1,194",771,0.65,PRI,148,RSP,143,JAML,122,112,148,107,0,7,86,0,4,6,143,12,0,0,0,0,0,0,0,19
TEQUISQUIAPAN,663,"1,049",716,0.68,JAML,157,RSP,138,PRD,110,89,91,110,0,9,76,0,5,3,138,7,0,0,0,0,0,0,0,20
TEQUISQUIAPAN,664,781,520,0.67,PAN,227,JAML,99,MORENA,73,227,36,46,0,6,73,0,3,0,13,9,0,0,0,0,0,0,0,5
TEQUISQUIAPAN,665,"2,344","1,564",0.67,PAN,482,JAML,247,MORENA,192,482,139,154,0,20,192,0,80,2,163,32,0,0,0,0,0,0,0,44
TEQUISQUIAPAN,666,"2,759","1,558",0.56,PRI,451,RSP,332,PAN,246,246,451,91,0,11,227,0,7,9,332,20,0,0,0,0,0,0,0,47
TEQUISQUIAPAN,667,"2,644","1,642",0.62,PRI,868,PAN,213,JAML,140,213,868,75,0,12,126,0,4,7,131,35,0,0,0,0,0,0,0,31
TEQUISQUIAPAN,668,"2,647","1,528",0.58,PAN,335,JAML,303,PRD,255,335,227,255,0,18,168,0,8,4,156,11,0,0,0,0,0,0,0,42
TEQUISQUIAPAN,669,"1,636","1,068",0.65,PRD,191,JAML,173,RSP,145,83,120,191,0,24,135,0,10,1,145,55,0,0,0,0,0,0,0,34
TEQUISQUIAPAN,670,"1,587","1,046",0.66,JAML,254,MORENA,221,PRI,163,131,163,120,0,10,221,0,5,11,93,16,0,0,0,0,0,0,0,21
TEQUISQUIAPAN,671,"2,333","1,351",0.58,PRD,369,MORENA,230,PAN,198,198,121,369,0,30,230,0,4,6,189,20,0,0,0,0,0,0,0,30
TEQUISQUIAPAN,672,"2,527","1,393",0.55,JAML,343,PRI,243,PAN,240,240,243,124,0,16,196,0,3,6,152,28,0,0,0,0,0,0,0,42
TEQUISQUIAPAN,673,"2,736","1,488",0.54,JAML,306,PAN,294,PRI,244,294,244,141,0,10,229,0,2,11,207,6,0,0,0,0,0,0,0,38
TOLIMAN,674,"1,597","1,132",0.71,PAN,336,MORENA,327,RSP,167,336,139,39,39,14,327,7,29,4,167,16,0,0,0,0,0,0,0,13
TOLIMAN,675,"1,750","1,314",0.75,PAN,386,MORENA,381,RSP,247,386,100,32,45,12,381,37,16,6,247,20,0,0,0,0,0,0,0,20
TOLIMAN,676,275,195,0.71,MORENA,62,PAN,41,PRI,30,41,30,3,5,3,62,1,3,4,24,10,0,0,0,0,0,0,0,8
TOLIMAN,677,"1,807","1,235",0.68,RSP,575,PAN,186,MORENA,180,186,72,41,37,6,180,8,5,22,575,37,0,0,0,0,0,0,0,56
TOLIMAN,678,877,663,0.76,MORENA,246,PAN,115,RSP,77,115,71,33,9,2,246,18,11,11,77,44,0,0,0,0,0,0,0,16
TOLIMAN,679,"2,658","1,863",0.7,RSP,936,MORENA,304,PAN,185,185,116,24,77,12,304,26,12,74,936,30,0,0,0,0,0,0,0,57
TOLIMAN,680,"1,132",851,0.75,MORENA,243,PAN,217,RSP,163,217,94,18,21,12,243,9,13,9,163,24,0,0,0,0,0,0,0,7
TOLIMAN,681,"1,065",796,0.75,PAN,241,MORENA,173,RSP,156,241,69,29,34,37,173,16,14,2,156,13,0,0,0,0,0,0,0,9
TOLIMAN,682,"2,348","1,645",0.7,MORENA,485,PAN,408,RSP,284,408,207,36,43,38,485,4,18,8,284,77,0,0,0,0,0,0,0,28
TOLIMAN,683,"1,779","1,300",0.73,PAN,346,MORENA,300,RSP,249,346,64,13,110,23,300,10,44,6,249,79,0,0,0,0,0,0,0,20
TOLIMAN,684,"3,039","2,006",0.66,MC,587,PAN,535,MORENA,318,535,98,41,587,62,318,16,17,31,205,17,0,0,0,0,0,0,0,52
TOLIMAN,685,76,60,0.79,PAN,22,MC,10,MC,10,22,5,0,10,2,10,1,0,0,7,1,0,0,0,0,0,0,0,2
TOLIMAN,686,952,622,0.65,MORENA,153,PAN,150,RSP,89,150,82,18,25,24,153,7,2,7,89,26,0,0,0,0,0,0,0,20
TOLIMAN,687,"2,161","1,519",0.7,PAN,456,MORENA,312,RSP,277,456,158,34,78,11,312,13,19,28,277,29,0,0,0,0,0,0,0,33
CORREGIDORA,688,"3,785","2,574",0.68,PAN,"1,930",MORENA,296,PRI,125,"1,930",125,12,26,26,296,30,14,21,7,25,0,0,0,0,0,0,0,40
CORREGIDORA,689,537,194,0.36,PAN,96,MORENA,47,PRI,22,96,22,1,0,1,47,5,1,2,4,3,0,0,0,0,0,0,0,11
CORREGIDORA,690,955,396,0.41,PAN,187,MORENA,103,PRI,31,187,31,4,6,6,103,26,0,3,5,12,0,0,0,0,0,0,0,10
QUERETARO,691,745,312,0.42,PAN_QI,143,MORENA,84,PRI,42,138,42,8,10,4,84,6,5,0,4,4,0,0,0,0,0,0,0,7
QUERETARO,692,826,415,0.5,PAN_QI,176,MORENA,115,PRI,63,171,63,6,11,12,115,5,3,1,10,2,0,0,2,0,0,0,0,14
QUERETARO,693,977,462,0.47,PAN_QI,152,MORENA,142,PRI,76,149,76,45,7,10,142,2,3,5,4,3,0,0,0,0,0,0,0,16
CORREGIDORA,694,"1,429",567,0.4,PAN,256,MORENA,158,PRI,33,256,33,6,9,21,158,15,1,7,12,22,0,0,0,0,0,0,0,15
CORREGIDORA,695,"2,666",977,0.37,PAN,436,MORENA,206,PT,78,436,72,15,16,31,206,78,6,13,13,38,0,0,0,0,0,0,0,28
QUERETARO,696,"1,260",521,0.41,MORENA,191,PAN_QI,153,PRI,130,153,130,5,7,4,191,1,0,6,3,2,0,0,0,0,0,0,0,18
QUERETARO,697,"1,199",537,0.45,MORENA,188,PAN_QI,184,PRI,101,181,101,11,20,7,188,7,1,3,10,2,0,0,2,0,0,0,0,4
QUERETARO,698,"1,332",684,0.51,PAN_QI,282,MORENA,220,PRI,115,279,115,6,13,6,220,4,3,12,2,3,0,0,0,0,0,0,0,21
QUERETARO,699,"1,443",619,0.43,MORENA,232,PAN_QI,207,PRI,106,200,106,17,11,10,232,3,6,4,13,3,0,0,1,0,0,0,0,13
QUERETARO,700,"1,256",623,0.5,PAN_QI,239,MORENA,210,PRI,90,233,90,8,21,15,210,5,4,7,5,6,0,0,2,0,0,0,0,17
QUERETARO,701,"1,278",580,0.45,MORENA,223,PAN_QI,179,PRI,97,169,97,7,19,15,223,2,5,3,11,5,0,0,5,0,0,0,0,19
QUERETARO,702,"1,295",681,0.53,PAN_QI,294,MORENA,199,PRI,110,282,110,16,20,10,199,7,8,0,11,5,0,0,4,0,0,0,0,9
QUERETARO,703,"1,315",647,0.49,PAN_QI,244,MORENA,214,PRI,100,235,100,11,18,13,214,10,6,8,8,5,0,0,3,0,0,0,0,15
QUERETARO,704,"1,154",578,0.5,PAN_QI,217,MORENA,179,PRI,114,210,114,5,19,11,179,8,4,7,5,0,0,0,3,0,0,0,0,10
QUERETARO,705,"1,185",575,0.49,PAN_QI,207,MORENA,196,PRI,97,200,97,9,20,12,196,7,6,7,4,7,0,0,1,0,0,0,0,9
QUERETARO,706,"1,105",545,0.49,PAN_QI,202,MORENA,149,PRI,102,199,102,4,19,12,149,6,3,6,17,9,0,0,0,0,0,0,0,19
QUERETARO,707,"1,119",464,0.41,MORENA,162,PAN_QI,128,PRI,102,122,102,2,12,8,162,5,5,10,6,5,0,0,1,0,0,0,0,23
QUERETARO,708,959,408,0.43,MORENA,160,PAN_QI,93,PRI,78,83,78,1,21,5,160,4,6,9,8,5,0,0,4,0,0,0,0,24
QUERETARO,709,"1,000",424,0.42,MORENA,153,PAN_QI,120,PRI,101,114,101,5,9,9,153,5,5,4,7,4,0,0,1,0,0,0,0,6
QUERETARO,710,"1,234",482,0.39,MORENA,161,PAN_QI,156,PRI,110,148,110,4,16,8,161,5,6,5,2,6,0,0,2,0,0,0,0,8
QUERETARO,711,"1,200",602,0.5,PAN_QI,216,MORENA,194,PRI,108,214,108,7,13,11,194,9,2,14,6,4,0,0,0,0,0,0,0,19
QUERETARO,712,"1,247",649,0.52,MORENA,225,PAN_QI,222,PRI,129,215,129,5,10,6,225,4,5,5,9,7,0,0,2,0,0,0,0,25
QUERETARO,713,"1,158",608,0.53,PAN_QI,307,MORENA,140,PRI,89,304,89,7,26,7,140,5,3,2,6,1,0,0,0,0,0,0,0,18
QUERETARO,714,"1,190",657,0.55,PAN_QI,251,MORENA,193,PRI,134,248,134,7,25,11,193,7,3,9,6,4,0,0,0,0,0,0,0,8
QUERETARO,715,"1,931","1,017",0.53,PAN_QI,422,MORENA,331,PRI,174,405,174,11,19,12,331,7,13,7,5,8,0,0,4,0,0,0,0,21
QUERETARO,716,"1,317",695,0.53,PAN_QI,303,MORENA,207,PRI,93,294,93,10,27,12,207,4,7,9,5,5,0,0,2,0,0,0,0,18
QUERETARO,717,"1,199",608,0.51,MORENA,230,PAN_QI,213,PRI,103,207,103,7,21,9,230,3,5,2,8,4,0,0,1,0,0,0,0,8
QUERETARO,718,"1,617",660,0.41,MORENA,221,PAN_QI,219,PRI,127,207,127,13,17,6,221,5,8,9,3,7,0,0,4,0,0,0,0,33
QUERETARO,719,"1,379",756,0.55,MORENA,276,PAN_QI,246,PRI,139,237,139,13,31,9,276,11,7,4,8,4,0,0,2,0,0,0,0,15
QUERETARO,720,852,469,0.55,MORENA,191,PAN_QI,150,PRI,71,144,71,5,19,11,191,3,4,3,9,1,0,0,2,0,0,0,0,6
QUERETARO,721,792,385,0.49,MORENA,149,PAN_QI,114,PRI,71,111,71,6,10,7,149,5,0,4,5,2,0,0,3,0,0,0,0,11
QUERETARO,722,"1,733",839,0.48,PAN_QI,332,MORENA,275,PRI,142,323,142,12,25,12,275,9,4,3,11,4,0,0,5,0,0,0,0,14
QUERETARO,723,"2,036","1,024",0.5,PAN_QI,381,MORENA,341,PRI,190,365,190,13,32,16,341,7,12,11,9,9,0,0,4,0,0,0,0,14
QUERETARO,724,"1,094",515,0.47,MORENA,180,PAN_QI,158,PRI,114,151,114,7,15,8,180,11,7,4,1,5,0,0,0,0,0,0,0,12
QUERETARO,725,"2,599","1,248",0.48,PAN_QI,534,MORENA,374,PRI,200,519,200,15,27,24,374,18,11,4,18,13,0,0,4,0,0,0,0,21
QUERETARO,726,"1,068",421,0.39,MORENA,224,PAN_QI,72,PRI,68,69,68,9,17,8,224,6,2,4,4,2,0,0,1,0,0,0,0,7
QUERETARO,727,"3,126","1,295",0.41,PAN_QI,581,MORENA,369,PRI,222,567,222,21,24,13,369,11,8,12,8,10,0,0,6,0,0,0,0,21
QUERETARO,728,"1,086",561,0.52,PAN_QI,222,MORENA,157,PRI,106,212,106,10,18,12,157,5,4,12,1,5,0,0,6,0,0,0,0,10
QUERETARO,729,"1,103",579,0.52,MORENA,226,PAN_QI,192,PRI,109,186,109,6,12,8,226,7,1,4,4,1,0,0,5,0,0,0,0,9
QUERETARO,730,529,328,0.62,MORENA,135,PAN_QI,95,PRI,53,91,53,9,3,9,135,1,4,4,6,2,0,0,0,0,0,0,0,11
QUERETARO,731,934,517,0.55,PAN_QI,221,MORENA,161,PRI,85,216,85,8,17,2,161,6,4,2,6,1,0,0,1,0,0,0,0,8
QUERETARO,732,"1,518",797,0.53,PAN_QI,324,MORENA,225,PRI,167,311,167,8,24,10,225,4,6,5,6,9,0,0,7,0,0,0,0,15
QUERETARO,733,"1,685",681,0.4,MORENA,277,PAN_QI,201,PRI,128,195,128,3,18,6,277,6,4,3,19,4,0,0,2,0,0,0,0,15
QUERETARO,734,550,300,0.55,PAN_QI,122,MORENA,89,PRI,43,115,43,3,11,7,89,3,3,4,3,4,0,0,4,0,0,0,0,11
QUERETARO,735,578,336,0.58,PAN_QI,160,MORENA,102,PRI,36,154,36,4,4,5,102,2,3,1,3,6,0,0,3,0,0,0,0,13
QUERETARO,736,"1,044",468,0.45,PAN_QI,178,MORENA,171,PRI,55,165,55,8,12,11,171,2,8,6,4,9,0,0,5,0,0,0,0,12
QUERETARO,737,"1,000",442,0.44,PAN_QI,158,MORENA,151,PRI,80,154,80,6,12,16,151,6,3,3,2,5,0,0,1,0,0,0,0,3
QUERETARO,738,"1,009",455,0.45,PAN_QI,209,MORENA,138,PRI,60,202,60,7,19,5,138,0,7,1,5,2,0,0,0,0,0,0,0,8
QUERETARO,739,"1,170",511,0.44,MORENA,196,PAN_QI,179,PRI,73,176,73,7,15,6,196,5,3,4,5,5,0,0,0,0,0,0,0,16
QUERETARO,740,"1,235",519,0.42,MORENA,190,PAN_QI,185,PRI,86,182,86,6,13,9,190,2,2,5,6,4,0,0,1,0,0,0,0,12
QUERETARO,741,"1,229",529,0.43,MORENA,181,PAN_QI,179,PRI,95,176,95,6,19,13,181,9,1,2,6,8,0,0,2,0,0,0,0,11
QUERETARO,742,"1,147",517,0.45,PAN_QI,207,MORENA,174,PRI,93,200,93,4,11,3,174,3,3,6,3,3,0,0,4,0,0,0,0,10
QUERETARO,743,"1,431",651,0.45,PAN_QI,275,MORENA,218,PRI,85,273,85,7,15,8,218,5,2,4,9,5,0,0,0,0,0,0,0,19
QUERETARO,744,"1,134",527,0.46,PAN_QI,223,MORENA,191,PRI,65,219,65,8,12,12,191,2,3,1,3,3,0,0,1,0,0,0,0,7
QUERETARO,745,"1,118",568,0.51,MORENA,238,PAN_QI,197,PRI,79,191,79,4,14,7,238,5,3,5,1,4,0,0,3,0,0,0,0,14
QUERETARO,746,356,140,0.39,PAN_QI,49,MORENA,46,PRI,17,46,17,2,5,9,46,1,1,0,1,3,0,0,2,0,0,0,0,7
QUERETARO,747,"1,296",592,0.46,PAN_QI,230,MORENA,206,PRI,109,220,109,8,12,10,206,3,8,2,7,1,0,0,2,0,0,0,0,4
QUERETARO,748,465,213,0.46,MORENA,80,MORENA,80,PRI,29,78,29,4,1,5,80,2,2,0,8,1,0,0,0,0,0,0,0,2
QUERETARO,749,670,276,0.41,MORENA,103,PAN_QI,100,PRI,48,96,48,3,5,2,103,2,2,0,3,2,0,0,2,0,0,0,0,6
QUERETARO,750,"1,111",555,0.5,PAN_QI,215,MORENA,197,PRI,91,204,91,3,6,9,197,3,8,6,6,7,0,0,3,0,0,0,0,12
QUERETARO,751,"2,126","1,092",0.51,PAN_QI,444,MORENA,370,PRI,167,430,167,21,28,15,370,5,9,5,5,7,0,0,5,0,0,0,0,24
QUERETARO,752,"1,425",658,0.46,PAN_QI,304,MORENA,212,PRI,89,299,89,7,17,12,212,2,0,2,1,3,0,0,5,0,0,0,0,9
QUERETARO,753,"5,220","2,154",0.41,PAN_QI,950,MORENA,720,PRI,262,923,262,38,52,30,720,16,21,10,16,19,0,0,6,0,0,0,0,41
QUERETARO,754,"12,608","4,746",0.38,PAN_QI,"2,245",MORENA,"1,465",PRI,591,"2,183",591,55,114,63,"1,465",40,46,26,37,28,0,0,16,0,0,0,0,80
QUERETARO,755,"1,377",674,0.49,PAN_QI,279,MORENA,225,PRI,98,268,98,12,16,6,225,8,6,4,2,9,0,0,5,0,0,0,0,15
QUERETARO,756,"1,185",555,0.47,PAN_QI,215,MORENA,188,PRI,77,208,77,10,22,7,188,5,1,5,3,9,0,0,6,0,0,0,0,14
QUERETARO,757,663,281,0.42,PAN_QI,108,MORENA,97,PRI,45,106,45,5,7,2,97,3,0,2,0,4,0,0,2,0,0,0,0,8
QUERETARO,758,"1,581",507,0.32,MORENA,193,PAN_QI,179,PRI,59,166,59,12,13,10,193,2,6,8,9,2,0,0,7,0,0,0,0,20
QUERETARO,759,"2,532",994,0.39,PAN_QI,424,MORENA,306,PRI,141,408,141,14,32,18,306,7,13,8,13,8,0,0,3,0,0,0,0,23
EL MARQUES,760,"1,029",583,0.57,PRI,239,PAN,181,MORENA,102,181,239,4,4,14,102,8,0,3,3,11,0,0,0,0,0,0,0,14
EL MARQUES,761,"7,955","4,883",0.61,PAN,"3,303",MORENA,623,PRI,520,"3,303",520,39,28,195,623,25,38,16,20,19,0,0,0,0,0,0,0,55
EL MARQUES,762,"1,857",897,0.48,PAN,489,PRI,169,MORENA,160,489,169,7,6,21,160,11,6,5,7,7,0,0,0,0,0,0,0,7
EL MARQUES,763,"1,826",904,0.5,PAN,513,PRI,191,MORENA,118,513,191,4,3,18,118,10,2,4,11,2,0,0,0,0,0,0,0,28
CORREGIDORA,764,"1,194",587,0.49,PAN,291,MORENA,107,PT,45,291,39,7,13,11,107,45,6,4,7,12,0,0,0,0,0,0,0,14
CORREGIDORA,765,"1,089",708,0.65,PAN,479,MORENA,101,PRI,40,479,40,6,15,12,101,11,2,5,4,12,0,0,0,0,0,0,0,12
CORREGIDORA,766,953,585,0.61,PAN,385,MORENA,91,PRI,30,385,30,1,12,12,91,12,5,11,2,11,0,0,0,0,0,0,0,8
CORREGIDORA,767,"1,129",733,0.65,PAN,485,MORENA,127,PRI,31,485,31,5,4,16,127,11,4,7,7,7,0,0,0,0,0,0,0,19
CORREGIDORA,768,646,435,0.67,PAN,308,MORENA,65,PRI,20,308,20,1,5,1,65,3,2,3,4,7,0,0,0,0,0,0,0,15
CORREGIDORA,769,813,434,0.53,PAN,257,MORENA,94,PRI,21,257,21,7,6,11,94,10,4,0,3,5,0,0,0,0,0,0,0,7
CORREGIDORA,770,"1,556",835,0.54,PAN,552,MORENA,144,PRI,33,552,33,5,13,14,144,17,6,7,2,9,0,0,0,0,0,0,0,9
CORREGIDORA,771,629,451,0.72,PAN,324,MORENA,68,PRI,21,324,21,3,6,2,68,3,1,1,3,4,0,0,0,0,0,0,0,7
CORREGIDORA,772,"1,300",800,0.62,PAN,526,MORENA,151,PRI,31,526,31,4,10,13,151,17,4,9,3,12,0,0,0,0,0,0,0,6
CORREGIDORA,773,701,329,0.47,PAN,175,MORENA,56,PT,32,175,17,2,5,9,56,32,0,3,4,2,0,0,0,0,0,0,0,6
CORREGIDORA,774,718,478,0.67,PAN,344,MORENA,64,PRI,26,344,26,3,12,2,64,6,3,0,4,4,0,0,0,0,0,0,0,5
CORREGIDORA,775,"1,086",710,0.65,PAN,496,MORENA,95,PRI,39,496,39,3,10,10,95,6,1,4,8,11,0,0,0,0,0,0,0,15
CORREGIDORA,776,"1,029",656,0.64,PAN,420,MORENA,93,PRI,46,420,46,2,13,17,93,9,3,4,9,24,0,0,0,0,0,0,0,9
CORREGIDORA,777,946,609,0.64,PAN,407,MORENA,84,PRI,33,407,33,4,10,17,84,10,5,6,4,10,0,0,0,0,0,0,0,13
CORREGIDORA,778,"1,174",727,0.62,PAN,480,MORENA,111,PRI,37,480,37,3,8,11,111,9,6,4,6,21,0,0,0,0,0,0,0,7
CORREGIDORA,779,979,598,0.61,PAN,398,MORENA,104,PRI,29,398,29,1,4,15,104,5,4,5,1,14,0,0,0,0,0,0,0,11
CORREGIDORA,780,492,319,0.65,PAN,217,MORENA,58,PRI,13,217,13,0,3,7,58,3,0,2,3,5,0,0,0,0,0,0,0,3
CORREGIDORA,781,426,264,0.62,PAN,193,MORENA,42,FXM,8,193,6,0,1,4,42,3,0,3,4,8,0,0,0,0,0,0,0,0
CORREGIDORA,782,"1,018",657,0.65,PAN,485,MORENA,78,PRI,22,485,22,1,9,9,78,16,3,1,3,14,0,0,0,0,0,0,0,10
CORREGIDORA,783,732,491,0.67,PAN,350,MORENA,59,PRI,24,350,24,4,8,2,59,7,4,3,6,10,0,0,0,0,0,0,0,8
CORREGIDORA,784,"1,551",899,0.58,PAN,579,MORENA,169,PRI,42,579,42,8,5,11,169,18,8,7,1,22,0,0,0,0,0,0,0,18
CORREGIDORA,785,"1,583",988,0.62,PAN,654,MORENA,181,PRI,38,654,38,7,12,13,181,18,4,8,7,18,0,0,0,0,0,0,0,19
CORREGIDORA,786,"1,023",656,0.64,PAN,498,MORENA,71,PRI,27,498,27,14,6,6,71,8,3,2,1,5,0,0,0,0,0,0,0,11
CORREGIDORA,787,426,314,0.74,PAN,248,MORENA,24,PRI,16,248,16,3,3,3,24,5,3,1,0,4,0,0,0,0,0,0,0,2
CORREGIDORA,788,"2,198",828,0.38,PAN,475,MORENA,170,PRI,62,475,62,12,14,14,170,17,4,3,7,23,0,0,0,0,0,0,0,10
CORREGIDORA,789,"1,344",818,0.61,PAN,574,MORENA,118,PRI,43,574,43,5,9,11,118,10,3,6,4,19,0,0,0,0,0,0,0,13
CORREGIDORA,790,852,557,0.65,PAN,385,MORENA,79,PRI,33,385,33,1,6,7,79,7,3,5,7,7,0,0,0,0,0,0,0,9
CORREGIDORA,791,"1,307",781,0.6,PAN,489,MORENA,152,PRI,44,489,44,11,14,10,152,8,6,6,9,13,0,0,0,0,0,0,0,9
CORREGIDORA,792,"1,148",724,0.63,PAN,528,MORENA,98,PRI,30,528,30,5,7,8,98,8,5,1,3,15,0,0,0,0,0,0,0,11
CORREGIDORA,793,"1,346",874,0.65,PAN,593,MORENA,147,PRI,45,593,45,5,9,11,147,6,11,7,2,19,0,0,0,0,0,0,0,10
CORREGIDORA,794,705,437,0.62,PAN,304,MORENA,70,PRI,13,304,13,1,6,5,70,7,3,11,3,4,0,0,0,0,0,0,0,6
CORREGIDORA,795,"1,231",709,0.58,PAN,481,MORENA,134,PRI,17,481,17,4,12,9,134,9,3,1,9,11,0,0,0,0,0,0,0,13
CORREGIDORA,796,501,343,0.68,PAN,258,MORENA,37,PRI,19,258,19,2,1,2,37,5,0,0,1,5,0,0,0,0,0,0,0,5
SAN JUAN DEL RIO,797,801,444,0.55,PAN,214,MORENA,109,PRI,46,214,46,4,12,1,109,0,23,2,7,16,0,0,0,0,0,0,0,9
SAN JUAN DEL RIO,798,"1,181",613,0.52,PAN,263,MORENA,139,PRI,77,263,77,14,12,10,139,0,62,9,5,5,0,0,0,0,0,0,0,16
SAN JUAN DEL RIO,799,"1,335",607,0.45,PAN,256,MORENA,146,PRI,79,256,79,3,9,9,146,0,63,18,4,8,0,0,0,0,0,0,0,12
SAN JUAN DEL RIO,800,599,319,0.53,PAN,169,MORENA,78,QI,26,169,13,4,1,6,78,0,26,3,6,3,0,0,0,0,0,0,0,10
SAN JUAN DEL RIO,801,"1,077",495,0.46,PAN,207,MORENA,153,PRI,46,207,46,7,3,10,153,0,40,5,9,3,0,0,0,0,0,0,0,12
SAN JUAN DEL RIO,802,"1,519",697,0.46,PAN,294,MORENA,174,PRI,82,294,82,10,10,6,174,0,77,8,8,17,0,0,0,0,0,0,0,11
SAN JUAN DEL RIO,803,824,395,0.48,PAN,150,MORENA,118,PRI,51,150,51,5,5,9,118,0,38,0,4,5,0,0,0,0,0,0,0,10
SAN JUAN DEL RIO,804,"1,674",841,0.5,PAN,391,MORENA,235,PRI,61,391,61,14,14,11,235,0,53,6,11,26,0,0,0,0,0,0,0,19
SAN JUAN DEL RIO,805,931,429,0.46,PAN,171,MORENA,119,PRI,61,171,61,1,3,8,119,0,47,1,2,6,0,0,0,0,0,0,0,8
SAN JUAN DEL RIO,806,812,488,0.6,PAN,228,MORENA,125,PRI,44,228,44,7,13,15,125,0,23,4,4,14,0,0,0,0,0,0,0,11
SAN JUAN DEL RIO,807,"1,059",520,0.49,PAN,234,MORENA,127,PRI,52,234,52,2,7,16,127,0,47,5,8,11,0,0,0,0,0,0,0,10
SAN JUAN DEL RIO,808,"1,398",713,0.51,PAN,349,MORENA,171,PRI,75,349,75,7,12,18,171,0,49,5,7,11,0,0,0,0,0,0,0,9
SAN JUAN DEL RIO,809,"1,379",620,0.45,PAN,303,MORENA,153,QI,56,303,48,14,7,7,153,0,56,1,10,8,0,0,0,0,0,0,0,13
SAN JUAN DEL RIO,810,"1,324",673,0.51,PAN,316,MORENA,183,PRI,65,316,65,7,10,12,183,0,56,3,7,10,0,0,0,0,0,0,0,3
SAN JUAN DEL RIO,811,754,454,0.6,PAN,200,MORENA,130,QI,36,200,33,6,10,7,130,0,36,4,5,9,0,0,0,0,0,0,0,10
SAN JUAN DEL RIO,812,612,348,0.57,PAN,172,MORENA,80,PRI,46,172,46,6,6,4,80,0,24,1,1,3,0,0,0,0,0,0,0,4
SAN JUAN DEL RIO,813,787,454,0.58,PAN,206,MORENA,97,PRI,66,206,66,4,10,7,97,0,48,0,4,8,0,0,0,0,0,0,0,4
SAN JUAN DEL RIO,814,"1,125",537,0.48,PAN,239,MORENA,133,PRI,52,239,52,12,9,5,133,0,52,3,8,9,0,0,0,0,0,0,0,15
SAN JUAN DEL RIO,815,770,389,0.51,PAN,162,MORENA,113,PRI,39,162,39,6,2,12,113,0,34,3,6,5,0,0,0,0,0,0,0,6
SAN JUAN DEL RIO,816,910,537,0.59,PAN,265,MORENA,129,QI,44,265,40,5,10,10,129,0,44,2,8,11,0,0,0,0,0,0,0,13
SAN JUAN DEL RIO,817,815,439,0.54,PAN,178,MORENA,127,PRI,49,178,49,7,7,10,127,0,37,2,7,4,0,0,0,0,0,0,0,10
SAN JUAN DEL RIO,818,"1,004",550,0.55,PAN,237,MORENA,133,PRI,54,237,54,17,12,11,133,0,53,4,8,5,0,0,0,0,0,0,0,15
QUERETARO,819,840,455,0.54,PAN_QI,166,MORENA,152,PRI,96,163,96,4,11,7,152,4,3,1,4,3,0,0,0,0,0,0,0,7
QUERETARO,820,"1,028",523,0.51,PAN_QI,224,MORENA,169,PRI,82,219,82,6,12,10,169,4,4,3,0,4,0,0,1,0,0,0,0,9
QUERETARO,821,680,327,0.48,PAN_QI,134,MORENA,108,PRI,50,131,50,2,12,1,108,6,3,1,2,1,0,0,0,0,0,0,0,10
QUERETARO,822,"1,114",533,0.48,PAN_QI,287,PRI,90,MORENA,87,279,90,11,19,15,87,6,6,5,3,3,0,0,2,0,0,0,0,7
QUERETARO,823,585,292,0.5,PAN_QI,134,MORENA,89,PRI,42,128,42,3,1,7,89,4,5,2,2,2,0,0,1,0,0,0,0,6
QUERETARO,824,434,172,0.4,MORENA,71,MORENA,71,PRI,14,68,14,1,6,1,71,1,3,0,1,1,0,0,0,0,0,0,0,4
QUERETARO,825,"1,052",408,0.39,PAN_QI,154,MORENA,151,PRI,58,150,58,5,11,9,151,2,4,3,4,5,0,0,0,0,0,0,0,6
QUERETARO,826,735,321,0.44,PAN_QI,125,MORENA,108,PRI,49,121,49,3,13,9,108,3,1,2,3,3,0,0,3,0,0,0,0,3
QUERETARO,827,914,323,0.35,MORENA,129,PAN_QI,111,PRI,52,106,52,7,6,4,129,1,2,4,2,3,0,0,3,0,0,0,0,4
QUERETARO,828,499,272,0.55,PAN_QI,101,MORENA,87,PRI,47,96,47,4,9,5,87,1,3,0,2,5,0,0,2,0,0,0,0,10
QUERETARO,829,818,296,0.36,MORENA,108,PAN_QI,99,PRI,48,95,48,7,10,1,108,0,4,3,5,6,0,0,0,0,0,0,0,9
QUERETARO,830,"1,014",408,0.4,MORENA,191,PAN_QI,140,PRI,37,133,37,7,9,5,191,3,3,0,1,3,0,0,4,0,0,0,0,12
QUERETARO,831,588,307,0.52,PAN_QI,165,MORENA,85,PRI,29,164,29,6,6,3,85,1,1,3,2,2,0,0,0,0,0,0,0,4
QUERETARO,832,748,353,0.47,PAN_QI,151,MORENA,101,PRI,47,145,47,9,16,6,101,7,6,2,2,6,0,0,0,0,0,0,0,5
QUERETARO,833,812,468,0.58,PAN_QI,184,MORENA,142,PRI,75,176,75,6,16,10,142,7,6,3,5,2,0,0,2,0,0,0,0,18
QUERETARO,834,733,338,0.46,PAN_QI,155,MORENA,108,PRI,39,149,39,4,10,6,108,1,3,0,1,7,0,0,3,0,0,0,0,7
QUERETARO,835,652,366,0.56,PAN_QI,160,MORENA,101,PRI,74,158,74,6,5,1,101,2,2,2,1,4,0,0,0,0,0,0,0,9
QUERETARO,836,906,426,0.47,MORENA,163,PAN_QI,148,PRI,65,142,65,4,16,3,163,4,3,4,6,4,0,0,3,0,0,0,0,8
QUERETARO,837,826,403,0.49,PAN_QI,178,MORENA,118,PRI,71,175,71,7,11,2,118,0,3,1,3,9,0,0,0,0,0,0,0,3
QUERETARO,838,864,331,0.38,PAN_QI,135,MORENA,113,PRI,61,132,61,2,3,4,113,0,1,2,2,1,0,0,2,0,0,0,0,8
QUERETARO,839,677,329,0.49,PAN_QI,143,MORENA,100,PRI,53,142,53,10,7,3,100,3,1,0,0,3,0,0,0,0,0,0,0,7
QUERETARO,840,"1,030",307,0.3,PAN_QI,106,MORENA,102,PRI,58,100,58,1,8,8,102,2,4,5,5,5,0,0,2,0,0,0,0,7
QUERETARO,841,517,192,0.37,MORENA,76,PAN_QI,69,PRI,22,65,22,1,5,4,76,1,1,1,4,2,0,0,3,0,0,0,0,7
QUERETARO,842,823,355,0.43,MORENA,116,PAN_QI,91,PRI,89,87,89,4,7,6,116,6,4,3,11,4,0,0,0,0,0,0,0,18
QUERETARO,843,800,221,0.28,PAN_QI,84,MORENA,61,PRI,43,82,43,2,10,7,61,2,1,4,0,3,0,0,1,0,0,0,0,5
QUERETARO,844,687,252,0.37,MORENA,95,PAN_QI,81,PRI,51,77,51,5,4,3,95,4,2,2,0,0,0,0,2,0,0,0,0,7
QUERETARO,845,651,274,0.42,MORENA,90,PAN_QI,88,PRI,59,81,59,5,7,4,90,5,3,4,3,2,0,0,4,0,0,0,0,7
QUERETARO,846,"2,247",819,0.36,PAN_QI,400,MORENA,248,PRI,103,380,103,10,23,14,248,6,11,2,2,6,0,0,9,0,0,0,0,5
QUERETARO,847,637,246,0.39,PAN_QI,112,MORENA,63,PRI,45,107,45,4,2,4,63,1,3,1,4,1,0,0,2,0,0,0,0,8
QUERETARO,848,553,204,0.37,MORENA,84,PAN_QI,73,PRI,23,69,23,3,6,0,84,1,4,1,4,2,0,0,0,0,0,0,0,6
QUERETARO,849,690,269,0.39,PAN_QI,107,MORENA,93,PRI,42,104,42,1,5,5,93,3,3,2,2,2,0,0,0,0,0,0,0,7
QUERETARO,850,754,244,0.32,PAN_QI,104,MORENA,82,PRI,24,99,24,9,1,6,82,2,2,3,2,5,0,0,3,0,0,0,0,6
QUERETARO,851,793,291,0.37,PAN_QI,104,MORENA,100,PRI,49,97,49,4,11,0,100,3,6,5,3,3,0,0,1,0,0,0,0,9
QUERETARO,852,651,252,0.39,PAN_QI,115,MORENA,70,PRI,33,112,33,5,9,2,70,3,3,5,2,1,0,0,0,0,0,0,0,6
QUERETARO,853,702,290,0.41,PAN_QI,155,MORENA,67,PRI,44,149,44,4,1,2,67,1,1,0,5,2,0,0,5,0,0,0,0,9
QUERETARO,854,"1,296",556,0.43,PAN_QI,268,MORENA,146,PRI,75,259,75,8,20,7,146,7,5,5,6,4,0,0,4,0,0,0,0,10
QUERETARO,855,"1,103",467,0.42,PAN_QI,190,MORENA,147,PRI,79,189,79,7,18,2,147,3,1,2,2,3,0,0,0,0,0,0,0,11
QUERETARO,856,"1,651",720,0.44,PAN_QI,282,MORENA,264,PRI,106,269,106,10,12,10,264,0,8,6,9,10,0,0,5,0,0,0,0,10
QUERETARO,857,"2,256",946,0.42,MORENA,371,PAN_QI,352,PRI,118,344,118,10,34,19,371,5,4,6,11,5,0,0,4,0,0,0,0,13
QUERETARO,858,"1,379",571,0.41,PAN_QI,235,MORENA,209,PRI,63,218,63,6,17,3,209,8,9,4,2,9,0,0,8,0,0,0,0,15
QUERETARO,859,"2,097",807,0.38,MORENA,316,PAN_QI,294,PRI,96,287,96,15,25,16,316,8,4,5,11,5,0,0,3,0,0,0,0,16
QUERETARO,860,"2,002",739,0.37,MORENA,290,PAN_QI,248,PRI,104,236,104,7,22,26,290,4,7,2,6,10,0,0,5,0,0,0,0,19
QUERETARO,861,"1,612",644,0.4,PAN_QI,264,MORENA,233,PRI,73,258,73,5,23,11,233,9,3,1,3,2,0,0,3,0,0,0,0,18
QUERETARO,862,"2,520",985,0.39,MORENA,372,PAN_QI,368,PRI,125,355,125,9,29,16,372,9,10,7,9,16,0,0,3,0,0,0,0,22
QUERETARO,863,"1,164",476,0.41,MORENA,190,PAN_QI,148,PRI,70,139,70,8,5,11,190,7,7,5,7,11,0,0,2,0,0,0,0,14
QUERETARO,864,"2,179",950,0.44,PAN_QI,353,MORENA,331,PRI,137,342,137,10,32,17,331,11,8,7,7,12,0,0,3,0,0,0,0,33
QUERETARO,865,"1,592",664,0.42,MORENA,273,PAN_QI,202,PRI,88,194,88,16,14,8,273,7,4,4,4,19,0,0,4,0,0,0,0,28
QUERETARO,866,"2,362",870,0.37,MORENA,399,PAN_QI,272,PRI,79,261,79,18,14,19,399,14,5,5,7,12,0,0,6,0,0,0,0,31
QUERETARO,867,"1,605",476,0.3,PAN_QI,167,MORENA,156,PRI,107,160,107,1,8,10,156,0,6,13,3,0,0,0,1,0,0,0,0,11
QUERETARO,868,"2,325","1,041",0.45,PAN_QI,443,MORENA,271,PRI,229,433,229,7,21,17,271,7,6,5,6,8,0,0,4,0,0,0,0,27
QUERETARO,869,"1,773","1,194",0.67,PAN_QI,878,MORENA,148,PRI,106,873,106,5,25,6,148,6,5,2,1,5,0,0,0,0,0,0,0,12
QUERETARO,870,"1,759","1,228",0.7,PAN_QI,925,MORENA,126,PRI,102,916,102,13,22,9,126,9,7,1,3,6,0,0,2,0,0,0,0,11
QUERETARO,871,"2,049",610,0.3,PAN_QI,214,MORENA,207,PRI,125,207,125,9,16,8,207,4,5,5,1,4,0,0,2,0,0,0,0,16
QUERETARO,872,"1,495",459,0.31,PAN_QI,171,MORENA,131,PRI,105,170,105,3,8,8,131,4,1,7,7,5,0,0,0,0,0,0,0,10
QUERETARO,873,"3,149",987,0.31,MORENA,366,PAN_QI,314,PRI,172,292,172,17,25,18,366,19,16,7,12,6,0,0,6,0,0,0,0,30
QUERETARO,874,686,258,0.38,MORENA,107,PAN_QI,86,PRI,37,85,37,2,7,7,107,2,1,0,1,2,0,0,0,0,0,0,0,7
QUERETARO,875,"1,438",502,0.35,PAN_QI,177,MORENA,145,PRI,112,173,112,5,9,5,145,24,2,7,1,5,0,0,2,0,0,0,0,12
QUERETARO,876,"1,534",613,0.4,PAN_QI,227,MORENA,197,PRI,115,224,115,7,14,14,197,4,2,7,10,6,0,0,1,0,0,0,0,12
QUERETARO,877,"2,255",717,0.32,PAN_QI,250,MORENA,211,PRI,149,237,149,7,30,9,211,5,10,8,21,0,0,0,3,0,0,0,0,27
QUERETARO,878,"1,479",475,0.32,MORENA,170,PAN_QI,161,PRI,96,154,96,11,4,6,170,4,1,7,3,3,0,0,6,0,0,0,0,10
QUERETARO,879,"1,877","1,245",0.66,PAN_QI,956,MORENA,136,PRI,90,948,90,12,25,2,136,9,6,1,3,2,0,0,2,0,0,0,0,8
QUERETARO,880,825,621,0.75,PAN_QI,514,MORENA,48,PRI,41,514,41,1,8,2,48,0,0,1,0,0,0,0,0,0,0,0,0,6
QUERETARO,881,"1,454","1,009",0.69,PAN_QI,796,MORENA,99,PRI,75,790,75,3,12,8,99,5,4,0,1,1,0,0,2,0,0,0,0,9
QUERETARO,882,"1,471",907,0.62,PAN_QI,628,MORENA,123,PRI,88,622,88,9,13,8,123,6,4,3,4,11,0,0,2,0,0,0,0,11
QUERETARO,883,"1,378",946,0.69,PAN_QI,748,MORENA,92,PRI,63,745,63,7,15,7,92,2,3,3,1,1,0,0,0,0,0,0,0,7
QUERETARO,884,"1,548","1,159",0.75,PAN_QI,945,MORENA,99,PRI,91,938,91,4,5,4,99,8,4,0,0,1,0,0,3,0,0,0,0,2
QUERETARO,885,"1,532",900,0.59,PAN_QI,657,MORENA,124,PRI,75,655,75,10,19,2,124,4,1,1,3,2,0,0,1,0,0,0,0,3
QUERETARO,886,"1,343",971,0.72,PAN_QI,791,PRI,76,MORENA,69,786,76,2,12,5,69,5,3,1,0,2,0,0,2,0,0,0,0,8
QUERETARO,887,"2,270","1,665",0.73,PAN_QI,"1,372",MORENA,150,PRI,95,"1,363",95,8,12,3,150,4,7,2,3,3,0,0,2,0,0,0,0,13
QUERETARO,888,"1,308",950,0.73,PAN_QI,778,PRI,79,MORENA,70,774,79,7,8,0,70,0,4,1,0,1,0,0,0,0,0,0,0,6
QUERETARO,889,"2,333","1,735",0.74,PAN_QI,"1,433",MORENA,132,PRI,122,"1,426",122,6,20,5,132,6,3,1,0,2,0,0,4,0,0,0,0,7
QUERETARO,890,"3,064","2,027",0.66,PAN_QI,"1,646",MORENA,178,PRI,129,"1,634",129,20,26,6,178,5,9,0,1,6,0,0,3,0,0,0,0,10
QUERETARO,891,"1,445","1,001",0.69,PAN_QI,801,MORENA,93,PRI,80,792,80,5,8,2,93,3,7,2,1,2,0,0,2,0,0,0,0,4
CADEREYTA DE MONTES,892,"3,025","1,641",0.54,PAN,635,PRI,298,MORENA,255,635,298,5,0,126,255,0,2,0,33,249,0,0,0,0,0,0,0,38
CADEREYTA DE MONTES,893,611,356,0.58,PAN,136,PVEM,72,PRI,47,136,47,14,0,72,37,0,0,0,6,31,0,0,0,0,0,0,0,13
COLON,894,"2,082",963,0.46,PAN_QI,374,PRI,314,GTM,108,265,314,3,6,8,30,0,82,17,11,57,0,0,27,0,0,0,0,35
COLON,895,"1,286",691,0.54,PAN_QI,238,PRI,208,GTM,116,169,208,1,7,14,36,0,63,26,1,14,0,0,6,0,0,0,0,30
COLON,896,"2,442","1,481",0.61,PAN_QI,372,PRI,330,GTM,282,295,330,1,6,8,134,0,58,9,29,268,0,0,19,0,0,0,0,41
COLON,897,945,616,0.65,PRI,152,PAN_QI,148,GTM,119,112,152,2,4,3,67,0,24,7,3,94,0,0,12,0,0,0,0,17
SAN JUAN DEL RIO,898,"2,244","1,093",0.49,PAN,466,MORENA,229,PRI,195,466,195,11,8,13,229,0,39,35,58,15,0,0,0,0,0,0,0,24
SAN JUAN DEL RIO,899,"1,181",555,0.47,PAN,172,MORENA,140,PES,133,172,58,2,6,13,140,0,13,133,3,4,0,0,0,0,0,0,0,11
SAN JUAN DEL RIO,900,"2,297","1,120",0.49,PAN,453,MORENA,290,PRI,150,453,150,15,23,17,290,0,78,15,31,19,0,0,0,0,0,0,0,27
SAN JUAN DEL RIO,901,"1,104",564,0.51,PAN,221,MORENA,101,PRI,70,221,70,5,5,18,101,0,55,44,4,18,0,0,0,0,0,0,0,20
QUERETARO,902,"2,216",882,0.4,PAN_QI,486,PRI,168,MORENA,126,483,168,12,9,18,126,2,2,8,11,5,0,0,1,0,0,0,0,37
QUERETARO,903,984,525,0.53,PAN_QI,238,MORENA,116,PRI,91,236,91,9,15,12,116,0,2,14,6,7,0,0,0,0,0,0,0,17
AMEALCO DE BONFIL,904,"1,002",663,0.66,MORENA,336,PAN_QI,165,PRI,95,161,95,7,3,8,336,2,3,4,12,8,0,0,1,0,0,0,0,23
AMEALCO DE BONFIL,905,"3,175","1,804",0.57,MORENA,814,PAN_QI,500,PRI,328,491,328,17,21,18,814,6,2,9,5,17,0,0,7,0,0,1,0,68
EL MARQUES,906,"2,065","1,362",0.66,PAN,575,PRI,529,MORENA,106,575,529,4,61,27,106,9,3,4,10,10,0,0,0,0,0,0,0,24
EL MARQUES,907,"1,917","1,157",0.6,PAN,509,PRI,230,MORENA,182,509,230,11,24,28,182,105,11,10,9,12,0,0,0,0,0,0,0,26
